date,exch,cc_code,underly_code,type_code,prod_name,fut_date,opt_date,opt_strike,valuation_meth,max_array_value,contr_value_fact,sett_p,sett_meth,time_to_expr,margin_rate,base_volat,volat_scan_range,price_model
2020-12-09,NYM,C14,CL,OOF,C14 SHORT TERM ,2021-01-01,2020-12-01,40.5,EQTY ,4355,1000,5.26,CASH ,0.013699,0.8279468,0.323058,42,B
2020-12-09,NYM,C14,CL,OOF,C14 SHORT TERM ,2021-01-01,2020-12-01,40.5,EQTY ,50,1000,0.05,CASH ,0.013699,1,0.323058,42,B
2020-12-09,NYM,C14,CL,OOF,C14 SHORT TERM ,2021-01-01,2020-12-01,41,EQTY ,4144,1000,4.77,CASH ,0.013699,0.8687631,0.323058,42,B
2020-12-09,NYM,C14,CL,OOF,C14 SHORT TERM ,2021-01-01,2020-12-01,41,EQTY ,60,1000,0.06,CASH ,0.013699,1,0.323058,42,B
2020-12-09,NYM,C14,CL,OOF,C14 SHORT TERM ,2021-01-01,2020-12-01,41.5,EQTY ,3863,1000,4.28,CASH ,0.013699,0.9025701,0.323058,42,B
2020-12-09,NYM,C14,CL,OOF,C14 SHORT TERM ,2021-01-01,2020-12-01,41.5,EQTY ,70,1000,0.07,CASH ,0.013699,1,0.323058,42,B
2020-12-09,NYM,C14,CL,OOF,C14 SHORT TERM ,2021-01-01,2020-12-01,42,EQTY ,3508,1000,3.8,CASH ,0.013699,0.9231579,0.323058,42,B
2020-12-09,NYM,C14,CL,OOF,C14 SHORT TERM ,2021-01-01,2020-12-01,42,EQTY ,90,1000,0.09,CASH ,0.013699,1,0.323058,42,B
2020-12-09,NYM,C14,CL,OOF,C14 SHORT TERM ,2021-01-01,2020-12-01,42.5,EQTY ,3103,1000,3.33,CASH ,0.013699,0.9318318,0.323058,42,B
2020-12-09,NYM,C14,CL,OOF,C14 SHORT TERM ,2021-01-01,2020-12-01,42.5,EQTY ,120,1000,0.12,CASH ,0.013699,1,0.323058,42,B
2020-12-09,NYM,C14,CL,OOF,C14 SHORT TERM ,2021-01-01,2020-12-01,43,EQTY ,2670,1000,2.87,CASH ,0.013699,0.9303136,0.323058,42,B
2020-12-09,NYM,C14,CL,OOF,C14 SHORT TERM ,2021-01-01,2020-12-01,43,EQTY ,160,1000,0.16,CASH ,0.013699,1,0.323058,42,B
2020-12-09,NYM,C14,CL,OOF,C14 SHORT TERM ,2021-01-01,2020-12-01,43.5,EQTY ,2218,1000,2.41,CASH ,0.013699,0.920332,0.323058,42,B
2020-12-09,NYM,C14,CL,OOF,C14 SHORT TERM ,2021-01-01,2020-12-01,43.5,EQTY ,200,1000,0.2,CASH ,0.013699,1,0.323058,42,B
2020-12-09,NYM,C14,CL,OOF,C14 SHORT TERM ,2021-01-01,2020-12-01,44,EQTY ,1790,1000,1.98,CASH ,0.013699,0.9040404,0.323058,42,B
2020-12-09,NYM,C14,CL,OOF,C14 SHORT TERM ,2021-01-01,2020-12-01,44,EQTY ,270,1000,0.27,CASH ,0.013699,1,0.323058,42,B
2020-12-09,NYM,C14,CL,OOF,C14 SHORT TERM ,2021-01-01,2020-12-01,44.5,EQTY ,1390,1000,1.58,CASH ,0.013699,0.8797468,0.323058,42,B
2020-12-09,NYM,C14,CL,OOF,C14 SHORT TERM ,2021-01-01,2020-12-01,44.5,EQTY ,370,1000,0.37,CASH ,0.013699,1,0.323058,42,B
2020-12-09,NYM,C14,CL,OOF,C14 SHORT TERM ,2021-01-01,2020-12-01,45,EQTY ,1030,1000,1.22,CASH ,0.013699,0.8442623,0.323058,42,B
2020-12-09,NYM,C14,CL,OOF,C14 SHORT TERM ,2021-01-01,2020-12-01,45,EQTY ,510,1000,0.51,CASH ,0.013699,1,0.323058,42,B
2020-12-09,NYM,C14,CL,OOF,C14 SHORT TERM ,2021-01-01,2020-12-01,45.5,EQTY ,710,1000,0.9,CASH ,0.013699,0.7888889,0.323058,42,B
2020-12-09,NYM,C14,CL,OOF,C14 SHORT TERM ,2021-01-01,2020-12-01,45.5,EQTY ,690,1000,0.69,CASH ,0.013699,1,0.323058,42,B
2020-12-09,NYM,C14,CL,OOF,C14 SHORT TERM ,2021-01-01,2020-12-01,46,EQTY ,630,1000,0.63,CASH ,0.013699,1,0.323058,42,B
2020-12-09,NYM,C14,CL,OOF,C14 SHORT TERM ,2021-01-01,2020-12-01,46,EQTY ,920,1000,0.92,CASH ,0.013699,1,0.323058,42,B
2020-12-09,NYM,C14,CL,OOF,C14 SHORT TERM ,2021-01-01,2020-12-01,46.5,EQTY ,430,1000,0.43,CASH ,0.013699,1,0.323058,42,B
2020-12-09,NYM,C14,CL,OOF,C14 SHORT TERM ,2021-01-01,2020-12-01,46.5,EQTY ,1220,1000,1.22,CASH ,0.013699,1,0.323058,42,B
2020-12-09,NYM,C14,CL,OOF,C14 SHORT TERM ,2021-01-01,2020-12-01,47,EQTY ,290,1000,0.29,CASH ,0.013699,1,0.323058,42,B
2020-12-09,NYM,C14,CL,OOF,C14 SHORT TERM ,2021-01-01,2020-12-01,47,EQTY ,1580,1000,1.58,CASH ,0.013699,1,0.323058,42,B
2020-12-09,NYM,C14,CL,OOF,C14 SHORT TERM ,2021-01-01,2020-12-01,47.5,EQTY ,200,1000,0.2,CASH ,0.013699,1,0.323058,42,B
2020-12-09,NYM,C14,CL,OOF,C14 SHORT TERM ,2021-01-01,2020-12-01,47.5,EQTY ,1990,1000,1.99,CASH ,0.013699,1,0.323058,42,B
2020-12-09,NYM,C14,CL,OOF,C14 SHORT TERM ,2021-01-01,2020-12-01,48,EQTY ,130,1000,0.13,CASH ,0.013699,1,0.323058,42,B
2020-12-09,NYM,C14,CL,OOF,C14 SHORT TERM ,2021-01-01,2020-12-01,48,EQTY ,2420,1000,2.42,CASH ,0.013699,1,0.323058,42,B
2020-12-09,NYM,C14,CL,OOF,C14 SHORT TERM ,2021-01-01,2020-12-01,48.5,EQTY ,90,1000,0.09,CASH ,0.013699,1,0.323058,42,B
2020-12-09,NYM,C14,CL,OOF,C14 SHORT TERM ,2021-01-01,2020-12-01,48.5,EQTY ,2880,1000,2.88,CASH ,0.013699,1,0.323058,42,B
2020-12-09,NYM,C14,CL,OOF,C14 SHORT TERM ,2021-01-01,2020-12-01,49,EQTY ,70,1000,0.07,CASH ,0.013699,1,0.323058,42,B
2020-12-09,NYM,C14,CL,OOF,C14 SHORT TERM ,2021-01-01,2020-12-01,49,EQTY ,3360,1000,3.36,CASH ,0.013699,1,0.323058,42,B
2020-12-09,NYM,C14,CL,OOF,C14 SHORT TERM ,2021-01-01,2020-12-01,49.5,EQTY ,50,1000,0.05,CASH ,0.013699,1,0.323058,42,B
2020-12-09,NYM,C14,CL,OOF,C14 SHORT TERM ,2021-01-01,2020-12-01,49.5,EQTY ,3803,1000,3.84,CASH ,0.013699,0.9903646,0.323058,42,B
2020-12-09,NYM,C14,CL,OOF,C14 SHORT TERM ,2021-01-01,2020-12-01,50,EQTY ,40,1000,0.04,CASH ,0.013699,1,0.323058,42,B
2020-12-09,NYM,C14,CL,OOF,C14 SHORT TERM ,2021-01-01,2020-12-01,50,EQTY ,4091,1000,4.33,CASH ,0.013699,0.9448037,0.323058,42,B
2020-12-09,NYM,C14,CL,OOF,C14 SHORT TERM ,2021-01-01,2020-12-01,50.5,EQTY ,30,1000,0.03,CASH ,0.013699,1,0.323058,42,B
2020-12-09,NYM,C14,CL,OOF,C14 SHORT TERM ,2021-01-01,2020-12-01,50.5,EQTY ,4314,1000,4.82,CASH ,0.013699,0.8950207,0.323058,42,B
2020-12-09,NYM,C14,CL,OOF,C14 SHORT TERM ,2021-01-01,2020-12-01,51,EQTY ,20,1000,0.02,CASH ,0.013699,1,0.323058,42,B
2020-12-09,NYM,C14,CL,OOF,C14 SHORT TERM ,2021-01-01,2020-12-01,51,EQTY ,4482,1000,5.31,CASH ,0.013699,0.8440678,0.323058,42,B
2020-12-09,NYM,C15,CL,OOF,C15 SHORT TERM ,2021-01-01,2020-12-01,40.5,EQTY ,4317,1000,5.29,CASH ,0.016438,0.8160681,0.323058,42,B
2020-12-09,NYM,C15,CL,OOF,C15 SHORT TERM ,2021-01-01,2020-12-01,40.5,EQTY ,80,1000,0.08,CASH ,0.016438,1,0.323058,42,B
2020-12-09,NYM,C15,CL,OOF,C15 SHORT TERM ,2021-01-01,2020-12-01,41,EQTY ,4119,1000,4.79,CASH ,0.016438,0.8599165,0.323058,42,B
2020-12-09,NYM,C15,CL,OOF,C15 SHORT TERM ,2021-01-01,2020-12-01,41,EQTY ,80,1000,0.08,CASH ,0.016438,1,0.323058,42,B
2020-12-09,NYM,C15,CL,OOF,C15 SHORT TERM ,2021-01-01,2020-12-01,41.5,EQTY ,3845,1000,4.31,CASH ,0.016438,0.8921114,0.323058,42,B
2020-12-09,NYM,C15,CL,OOF,C15 SHORT TERM ,2021-01-01,2020-12-01,41.5,EQTY ,100,1000,0.1,CASH ,0.016438,1,0.323058,42,B
2020-12-09,NYM,C15,CL,OOF,C15 SHORT TERM ,2021-01-01,2020-12-01,42,EQTY ,3508,1000,3.83,CASH ,0.016438,0.9159269,0.323058,42,B
2020-12-09,NYM,C15,CL,OOF,C15 SHORT TERM ,2021-01-01,2020-12-01,42,EQTY ,120,1000,0.12,CASH ,0.016438,1,0.323058,42,B
2020-12-09,NYM,C15,CL,OOF,C15 SHORT TERM ,2021-01-01,2020-12-01,42.5,EQTY ,3123,1000,3.37,CASH ,0.016438,0.9267062,0.323058,42,B
2020-12-09,NYM,C15,CL,OOF,C15 SHORT TERM ,2021-01-01,2020-12-01,42.5,EQTY ,160,1000,0.16,CASH ,0.016438,1,0.323058,42,B
2020-12-09,NYM,C15,CL,OOF,C15 SHORT TERM ,2021-01-01,2020-12-01,43,EQTY ,2702,1000,2.91,CASH ,0.016438,0.9285223,0.323058,42,B
2020-12-09,NYM,C15,CL,OOF,C15 SHORT TERM ,2021-01-01,2020-12-01,43,EQTY ,200,1000,0.2,CASH ,0.016438,1,0.323058,42,B
2020-12-09,NYM,C15,CL,OOF,C15 SHORT TERM ,2021-01-01,2020-12-01,43.5,EQTY ,2266,1000,2.46,CASH ,0.016438,0.9211382,0.323058,42,B
2020-12-09,NYM,C15,CL,OOF,C15 SHORT TERM ,2021-01-01,2020-12-01,43.5,EQTY ,250,1000,0.25,CASH ,0.016438,1,0.323058,42,B
2020-12-09,NYM,C15,CL,OOF,C15 SHORT TERM ,2021-01-01,2020-12-01,44,EQTY ,1840,1000,2.03,CASH ,0.016438,0.9064039,0.323058,42,B
2020-12-09,NYM,C15,CL,OOF,C15 SHORT TERM ,2021-01-01,2020-12-01,44,EQTY ,320,1000,0.32,CASH ,0.016438,1,0.323058,42,B
2020-12-09,NYM,C15,CL,OOF,C15 SHORT TERM ,2021-01-01,2020-12-01,44.5,EQTY ,1450,1000,1.64,CASH ,0.016438,0.8841463,0.323058,42,B
2020-12-09,NYM,C15,CL,OOF,C15 SHORT TERM ,2021-01-01,2020-12-01,44.5,EQTY ,430,1000,0.43,CASH ,0.016438,1,0.323058,42,B
2020-12-09,NYM,C15,CL,OOF,C15 SHORT TERM ,2021-01-01,2020-12-01,45,EQTY ,1090,1000,1.28,CASH ,0.016438,0.8515625,0.323058,42,B
2020-12-09,NYM,C15,CL,OOF,C15 SHORT TERM ,2021-01-01,2020-12-01,45,EQTY ,570,1000,0.57,CASH ,0.016438,1,0.323058,42,B
2020-12-09,NYM,C15,CL,OOF,C15 SHORT TERM ,2021-01-01,2020-12-01,45.5,EQTY ,770,1000,0.96,CASH ,0.016438,0.8020833,0.323058,42,B
2020-12-09,NYM,C15,CL,OOF,C15 SHORT TERM ,2021-01-01,2020-12-01,45.5,EQTY ,750,1000,0.75,CASH ,0.016438,1,0.323058,42,B
2020-12-09,NYM,C15,CL,OOF,C15 SHORT TERM ,2021-01-01,2020-12-01,46,EQTY ,690,1000,0.69,CASH ,0.016438,1,0.323058,42,B
2020-12-09,NYM,C15,CL,OOF,C15 SHORT TERM ,2021-01-01,2020-12-01,46,EQTY ,980,1000,0.98,CASH ,0.016438,1,0.323058,42,B
2020-12-09,NYM,C15,CL,OOF,C15 SHORT TERM ,2021-01-01,2020-12-01,46.5,EQTY ,490,1000,0.49,CASH ,0.016438,1,0.323058,42,B
2020-12-09,NYM,C15,CL,OOF,C15 SHORT TERM ,2021-01-01,2020-12-01,46.5,EQTY ,1280,1000,1.28,CASH ,0.016438,1,0.323058,42,B
2020-12-09,NYM,C15,CL,OOF,C15 SHORT TERM ,2021-01-01,2020-12-01,47,EQTY ,340,1000,0.34,CASH ,0.016438,1,0.323058,42,B
2020-12-09,NYM,C15,CL,OOF,C15 SHORT TERM ,2021-01-01,2020-12-01,47,EQTY ,1630,1000,1.63,CASH ,0.016438,1,0.323058,42,B
2020-12-09,NYM,C15,CL,OOF,C15 SHORT TERM ,2021-01-01,2020-12-01,47.5,EQTY ,240,1000,0.24,CASH ,0.016438,1,0.323058,42,B
2020-12-09,NYM,C15,CL,OOF,C15 SHORT TERM ,2021-01-01,2020-12-01,47.5,EQTY ,2030,1000,2.03,CASH ,0.016438,1,0.323058,42,B
2020-12-09,NYM,C15,CL,OOF,C15 SHORT TERM ,2021-01-01,2020-12-01,48,EQTY ,160,1000,0.16,CASH ,0.016438,1,0.323058,42,B
2020-12-09,NYM,C15,CL,OOF,C15 SHORT TERM ,2021-01-01,2020-12-01,48,EQTY ,2450,1000,2.45,CASH ,0.016438,1,0.323058,42,B
2020-12-09,NYM,C15,CL,OOF,C15 SHORT TERM ,2021-01-01,2020-12-01,48.5,EQTY ,120,1000,0.12,CASH ,0.016438,1,0.323058,42,B
2020-12-09,NYM,C15,CL,OOF,C15 SHORT TERM ,2021-01-01,2020-12-01,48.5,EQTY ,2910,1000,2.91,CASH ,0.016438,1,0.323058,42,B
2020-12-09,NYM,C15,CL,OOF,C15 SHORT TERM ,2021-01-01,2020-12-01,49,EQTY ,90,1000,0.09,CASH ,0.016438,1,0.323058,42,B
2020-12-09,NYM,C15,CL,OOF,C15 SHORT TERM ,2021-01-01,2020-12-01,49,EQTY ,3380,1000,3.38,CASH ,0.016438,1,0.323058,42,B
2020-12-09,NYM,C15,CL,OOF,C15 SHORT TERM ,2021-01-01,2020-12-01,49.5,EQTY ,70,1000,0.07,CASH ,0.016438,1,0.323058,42,B
2020-12-09,NYM,C15,CL,OOF,C15 SHORT TERM ,2021-01-01,2020-12-01,49.5,EQTY ,3780,1000,3.86,CASH ,0.016438,0.9792746,0.323058,42,B
2020-12-09,NYM,C15,CL,OOF,C15 SHORT TERM ,2021-01-01,2020-12-01,50,EQTY ,60,1000,0.06,CASH ,0.016438,1,0.323058,42,B
2020-12-09,NYM,C15,CL,OOF,C15 SHORT TERM ,2021-01-01,2020-12-01,50,EQTY ,4054,1000,4.35,CASH ,0.016438,0.931954,0.323058,42,B
2020-12-09,NYM,C15,CL,OOF,C15 SHORT TERM ,2021-01-01,2020-12-01,50.5,EQTY ,50,1000,0.05,CASH ,0.016438,1,0.323058,42,B
2020-12-09,NYM,C15,CL,OOF,C15 SHORT TERM ,2021-01-01,2020-12-01,50.5,EQTY ,4267,1000,4.84,CASH ,0.016438,0.8816116,0.323058,42,B
2020-12-09,NYM,C11,CL,OOF,C11 SHORT TERM ,2021-01-01,2020-12-01,40.5,EQTY ,4586,1000,5.22,CASH ,0.005479,0.8785441,0,42,B
2020-12-09,NYM,C11,CL,OOF,C11 SHORT TERM ,2021-01-01,2020-12-01,40.5,EQTY ,2,1000,0.01,CASH ,0.005479,0.2,0,42,B
2020-12-09,NYM,C11,CL,OOF,C11 SHORT TERM ,2021-01-01,2020-12-01,41,EQTY ,4342,1000,4.72,CASH ,0.005479,0.9199153,0,42,B
2020-12-09,NYM,C11,CL,OOF,C11 SHORT TERM ,2021-01-01,2020-12-01,41,EQTY ,4,1000,0.01,CASH ,0.005479,0.4,0,42,B
2020-12-09,NYM,C11,CL,OOF,C11 SHORT TERM ,2021-01-01,2020-12-01,41.5,EQTY ,3973,1000,4.22,CASH ,0.005479,0.9414692,0,42,B
2020-12-09,NYM,C11,CL,OOF,C11 SHORT TERM ,2021-01-01,2020-12-01,41.5,EQTY ,9,1000,0.01,CASH ,0.005479,0.9,0,42,B
2020-12-09,NYM,C11,CL,OOF,C11 SHORT TERM ,2021-01-01,2020-12-01,42,EQTY ,3527,1000,3.73,CASH ,0.005479,0.9455764,0,42,B
2020-12-09,NYM,C11,CL,OOF,C11 SHORT TERM ,2021-01-01,2020-12-01,42,EQTY ,20,1000,0.02,CASH ,0.005479,1,0,42,B
2020-12-09,NYM,C11,CL,OOF,C11 SHORT TERM ,2021-01-01,2020-12-01,42.5,EQTY ,3039,1000,3.23,CASH ,0.005479,0.9408669,0,42,B
2020-12-09,NYM,C11,CL,OOF,C11 SHORT TERM ,2021-01-01,2020-12-01,42.5,EQTY ,20,1000,0.02,CASH ,0.005479,1,0,42,B
2020-12-09,NYM,C11,CL,OOF,C11 SHORT TERM ,2021-01-01,2020-12-01,43,EQTY ,2560,1000,2.75,CASH ,0.005479,0.9309091,0,42,B
2020-12-09,NYM,C11,CL,OOF,C11 SHORT TERM ,2021-01-01,2020-12-01,43,EQTY ,40,1000,0.04,CASH ,0.005479,1,0,42,B
2020-12-09,NYM,C11,CL,OOF,C11 SHORT TERM ,2021-01-01,2020-12-01,43.5,EQTY ,2080,1000,2.27,CASH ,0.005479,0.9162996,0,42,B
2020-12-09,NYM,C11,CL,OOF,C11 SHORT TERM ,2021-01-01,2020-12-01,43.5,EQTY ,60,1000,0.06,CASH ,0.005479,1,0,42,B
2020-12-09,NYM,C11,CL,OOF,C11 SHORT TERM ,2021-01-01,2020-12-01,44,EQTY ,1620,1000,1.81,CASH ,0.005479,0.8950276,0,42,B
2020-12-09,NYM,C11,CL,OOF,C11 SHORT TERM ,2021-01-01,2020-12-01,44,EQTY ,100,1000,0.1,CASH ,0.005479,1,0,42,B
2020-12-09,NYM,C11,CL,OOF,C11 SHORT TERM ,2021-01-01,2020-12-01,44.5,EQTY ,1200,1000,1.39,CASH ,0.005479,0.8633094,0,42,B
2020-12-09,NYM,C11,CL,OOF,C11 SHORT TERM ,2021-01-01,2020-12-01,44.5,EQTY ,180,1000,0.18,CASH ,0.005479,1,0,42,B
2020-12-09,NYM,C11,CL,OOF,C11 SHORT TERM ,2021-01-01,2020-12-01,45,EQTY ,810,1000,1,CASH ,0.005479,0.81,0,42,B
2020-12-09,NYM,C11,CL,OOF,C11 SHORT TERM ,2021-01-01,2020-12-01,45,EQTY ,290,1000,0.29,CASH ,0.005479,1,0,42,B
2020-12-09,NYM,C11,CL,OOF,C11 SHORT TERM ,2021-01-01,2020-12-01,45.5,EQTY ,480,1000,0.67,CASH ,0.005479,0.7164179,0,42,B
2020-12-09,NYM,C11,CL,OOF,C11 SHORT TERM ,2021-01-01,2020-12-01,45.5,EQTY ,460,1000,0.46,CASH ,0.005479,1,0,42,B
2020-12-09,NYM,C11,CL,OOF,C11 SHORT TERM ,2021-01-01,2020-12-01,46,EQTY ,410,1000,0.41,CASH ,0.005479,1,0,42,B
2020-12-09,NYM,C11,CL,OOF,C11 SHORT TERM ,2021-01-01,2020-12-01,46,EQTY ,700,1000,0.7,CASH ,0.005479,1,0,42,B
2020-12-09,NYM,C11,CL,OOF,C11 SHORT TERM ,2021-01-01,2020-12-01,46.5,EQTY ,230,1000,0.23,CASH ,0.005479,1,0,42,B
2020-12-09,NYM,C11,CL,OOF,C11 SHORT TERM ,2021-01-01,2020-12-01,46.5,EQTY ,1020,1000,1.02,CASH ,0.005479,1,0,42,B
2020-12-09,NYM,C11,CL,OOF,C11 SHORT TERM ,2021-01-01,2020-12-01,47,EQTY ,130,1000,0.13,CASH ,0.005479,1,0,42,B
2020-12-09,NYM,C11,CL,OOF,C11 SHORT TERM ,2021-01-01,2020-12-01,47,EQTY ,1420,1000,1.42,CASH ,0.005479,1,0,42,B
2020-12-09,NYM,C11,CL,OOF,C11 SHORT TERM ,2021-01-01,2020-12-01,47.5,EQTY ,70,1000,0.07,CASH ,0.005479,1,0,42,B
2020-12-09,NYM,C11,CL,OOF,C11 SHORT TERM ,2021-01-01,2020-12-01,47.5,EQTY ,1860,1000,1.86,CASH ,0.005479,1,0,42,B
2020-12-09,NYM,C11,CL,OOF,C11 SHORT TERM ,2021-01-01,2020-12-01,48,EQTY ,30,1000,0.03,CASH ,0.005479,1,0,42,B
2020-12-09,NYM,C11,CL,OOF,C11 SHORT TERM ,2021-01-01,2020-12-01,48,EQTY ,2320,1000,2.32,CASH ,0.005479,1,0,42,B
2020-12-09,NYM,C11,CL,OOF,C11 SHORT TERM ,2021-01-01,2020-12-01,48.5,EQTY ,20,1000,0.02,CASH ,0.005479,1,0,42,B
2020-12-09,NYM,C11,CL,OOF,C11 SHORT TERM ,2021-01-01,2020-12-01,48.5,EQTY ,2810,1000,2.81,CASH ,0.005479,1,0,42,B
2020-12-09,NYM,C11,CL,OOF,C11 SHORT TERM ,2021-01-01,2020-12-01,49,EQTY ,9,1000,0.01,CASH ,0.005479,0.9,0,42,B
2020-12-09,NYM,C11,CL,OOF,C11 SHORT TERM ,2021-01-01,2020-12-01,49,EQTY ,3300,1000,3.3,CASH ,0.005479,1,0,42,B
2020-12-09,NYM,C11,CL,OOF,C11 SHORT TERM ,2021-01-01,2020-12-01,49.5,EQTY ,4,1000,0.01,CASH ,0.005479,0.4,0,42,B
2020-12-09,NYM,C11,CL,OOF,C11 SHORT TERM ,2021-01-01,2020-12-01,49.5,EQTY ,3800,1000,3.8,CASH ,0.005479,1,0,42,B
2020-12-09,NYM,C11,CL,OOF,C11 SHORT TERM ,2021-01-01,2020-12-01,50,EQTY ,1,1000,0.01,CASH ,0.005479,0.1,0,42,B
2020-12-09,NYM,C11,CL,OOF,C11 SHORT TERM ,2021-01-01,2020-12-01,50,EQTY ,4290,1000,4.29,CASH ,0.005479,1,0,42,B
2020-12-09,NYM,C11,CL,OOF,C11 SHORT TERM ,2021-01-01,2020-12-01,50.5,EQTY ,1,1000,0.01,CASH ,0.005479,0.1,0,42,B
2020-12-09,NYM,C11,CL,OOF,C11 SHORT TERM ,2021-01-01,2020-12-01,50.5,EQTY ,4569,1000,4.79,CASH ,0.005479,0.9538622,0,42,B
2020-12-09,NYM,C11,CL,OOF,C11 SHORT TERM ,2021-01-01,2020-12-01,51,EQTY ,0,1000,0.01,CASH ,0.005479,0,0,42,B
2020-12-09,NYM,C11,CL,OOF,C11 SHORT TERM ,2021-01-01,2020-12-01,51,EQTY ,4694,1000,5.29,CASH ,0.005479,0.8873346,0,42,B
2020-12-09,NYM,C11,CL,OOF,C11 SHORT TERM ,2021-01-01,2020-12-01,51.5,EQTY ,0,1000,0.01,CASH ,0.005479,0,0,42,B
2020-12-09,NYM,C11,CL,OOF,C11 SHORT TERM ,2021-01-01,2020-12-01,51.5,EQTY ,4738,1000,5.79,CASH ,0.005479,0.8183074,0,42,B
2020-12-09,NYM,C10,CL,OOF,C10 SHORT TERM ,2021-01-01,2020-12-01,40.5,EQTY ,4750,1000,5.21,CASH ,0.00274,0.9117083,0.25,42,B
2020-12-09,NYM,C10,CL,OOF,C10 SHORT TERM ,2021-01-01,2020-12-01,40.5,EQTY ,0,1000,0.01,CASH ,0.00274,0,0.25,42,B
2020-12-09,NYM,C10,CL,OOF,C10 SHORT TERM ,2021-01-01,2020-12-01,41,EQTY ,4520,1000,4.71,CASH ,0.00274,0.9596603,0.25,42,B
2020-12-09,NYM,C10,CL,OOF,C10 SHORT TERM ,2021-01-01,2020-12-01,41,EQTY ,0,1000,0.01,CASH ,0.00274,0,0.25,42,B
2020-12-09,NYM,C10,CL,OOF,C10 SHORT TERM ,2021-01-01,2020-12-01,41.5,EQTY ,4020,1000,4.21,CASH ,0.00274,0.9548694,0.25,42,B
2020-12-09,NYM,C10,CL,OOF,C10 SHORT TERM ,2021-01-01,2020-12-01,41.5,EQTY ,0,1000,0.01,CASH ,0.00274,0,0.25,42,B
2020-12-09,NYM,C10,CL,OOF,C10 SHORT TERM ,2021-01-01,2020-12-01,42,EQTY ,3521,1000,3.71,CASH ,0.00274,0.9490566,0.25,42,B
2020-12-09,NYM,C10,CL,OOF,C10 SHORT TERM ,2021-01-01,2020-12-01,42,EQTY ,1,1000,0.01,CASH ,0.00274,0.1,0.25,42,B
2020-12-09,NYM,C10,CL,OOF,C10 SHORT TERM ,2021-01-01,2020-12-01,42.5,EQTY ,3023,1000,3.22,CASH ,0.00274,0.9388199,0.25,42,B
2020-12-09,NYM,C10,CL,OOF,C10 SHORT TERM ,2021-01-01,2020-12-01,42.5,EQTY ,3,1000,0.01,CASH ,0.00274,0.3,0.25,42,B
2020-12-09,NYM,C10,CL,OOF,C10 SHORT TERM ,2021-01-01,2020-12-01,43,EQTY ,2531,1000,2.72,CASH ,0.00274,0.9305147,0.25,42,B
2020-12-09,NYM,C10,CL,OOF,C10 SHORT TERM ,2021-01-01,2020-12-01,43,EQTY ,10,1000,0.01,CASH ,0.00274,1,0.25,42,B
2020-12-09,NYM,C10,CL,OOF,C10 SHORT TERM ,2021-01-01,2020-12-01,43.5,EQTY ,2050,1000,2.24,CASH ,0.00274,0.9151786,0.25,42,B
2020-12-09,NYM,C10,CL,OOF,C10 SHORT TERM ,2021-01-01,2020-12-01,43.5,EQTY ,30,1000,0.03,CASH ,0.00274,1,0.25,42,B
2020-12-09,NYM,C10,CL,OOF,C10 SHORT TERM ,2021-01-01,2020-12-01,44,EQTY ,1570,1000,1.76,CASH ,0.00274,0.8920455,0.25,42,B
2020-12-09,NYM,C10,CL,OOF,C10 SHORT TERM ,2021-01-01,2020-12-01,44,EQTY ,50,1000,0.05,CASH ,0.00274,1,0.25,42,B
2020-12-09,NYM,C10,CL,OOF,C10 SHORT TERM ,2021-01-01,2020-12-01,44.5,EQTY ,1120,1000,1.31,CASH ,0.00274,0.8549618,0.25,42,B
2020-12-09,NYM,C10,CL,OOF,C10 SHORT TERM ,2021-01-01,2020-12-01,44.5,EQTY ,100,1000,0.1,CASH ,0.00274,1,0.25,42,B
2020-12-09,NYM,C10,CL,OOF,C10 SHORT TERM ,2021-01-01,2020-12-01,45,EQTY ,720,1000,0.91,CASH ,0.00274,0.7912088,0.25,42,B
2020-12-09,NYM,C10,CL,OOF,C10 SHORT TERM ,2021-01-01,2020-12-01,45,EQTY ,200,1000,0.2,CASH ,0.00274,1,0.25,42,B
2020-12-09,NYM,C10,CL,OOF,C10 SHORT TERM ,2021-01-01,2020-12-01,45.5,EQTY ,380,1000,0.57,CASH ,0.00274,0.6666667,0.25,42,B
2020-12-09,NYM,C10,CL,OOF,C10 SHORT TERM ,2021-01-01,2020-12-01,45.5,EQTY ,360,1000,0.36,CASH ,0.00274,1,0.25,42,B
2020-12-09,NYM,C10,CL,OOF,C10 SHORT TERM ,2021-01-01,2020-12-01,46,EQTY ,310,1000,0.31,CASH ,0.00274,1,0.25,42,B
2020-12-09,NYM,C10,CL,OOF,C10 SHORT TERM ,2021-01-01,2020-12-01,46,EQTY ,600,1000,0.6,CASH ,0.00274,1,0.25,42,B
2020-12-09,NYM,C10,CL,OOF,C10 SHORT TERM ,2021-01-01,2020-12-01,46.5,EQTY ,150,1000,0.15,CASH ,0.00274,1,0.25,42,B
2020-12-09,NYM,C10,CL,OOF,C10 SHORT TERM ,2021-01-01,2020-12-01,46.5,EQTY ,940,1000,0.94,CASH ,0.00274,1,0.25,42,B
2020-12-09,NYM,C10,CL,OOF,C10 SHORT TERM ,2021-01-01,2020-12-01,47,EQTY ,70,1000,0.07,CASH ,0.00274,1,0.25,42,B
2020-12-09,NYM,C10,CL,OOF,C10 SHORT TERM ,2021-01-01,2020-12-01,47,EQTY ,1360,1000,1.36,CASH ,0.00274,1,0.25,42,B
2020-12-09,NYM,C10,CL,OOF,C10 SHORT TERM ,2021-01-01,2020-12-01,47.5,EQTY ,30,1000,0.03,CASH ,0.00274,1,0.25,42,B
2020-12-09,NYM,C10,CL,OOF,C10 SHORT TERM ,2021-01-01,2020-12-01,47.5,EQTY ,1820,1000,1.82,CASH ,0.00274,1,0.25,42,B
2020-12-09,NYM,C10,CL,OOF,C10 SHORT TERM ,2021-01-01,2020-12-01,48,EQTY ,10,1000,0.01,CASH ,0.00274,1,0.25,42,B
2020-12-09,NYM,C10,CL,OOF,C10 SHORT TERM ,2021-01-01,2020-12-01,48,EQTY ,2300,1000,2.3,CASH ,0.00274,1,0.25,42,B
2020-12-09,NYM,C10,CL,OOF,C10 SHORT TERM ,2021-01-01,2020-12-01,48.5,EQTY ,4,1000,0.01,CASH ,0.00274,0.4,0.25,42,B
2020-12-09,NYM,C10,CL,OOF,C10 SHORT TERM ,2021-01-01,2020-12-01,48.5,EQTY ,2790,1000,2.79,CASH ,0.00274,1,0.25,42,B
2020-12-09,NYM,C10,CL,OOF,C10 SHORT TERM ,2021-01-01,2020-12-01,49,EQTY ,1,1000,0.01,CASH ,0.00274,0.1,0.25,42,B
2020-12-09,NYM,C10,CL,OOF,C10 SHORT TERM ,2021-01-01,2020-12-01,49,EQTY ,3290,1000,3.29,CASH ,0.00274,1,0.25,42,B
2020-12-09,NYM,C10,CL,OOF,C10 SHORT TERM ,2021-01-01,2020-12-01,49.5,EQTY ,0,1000,0.01,CASH ,0.00274,0,0.25,42,B
2020-12-09,NYM,C10,CL,OOF,C10 SHORT TERM ,2021-01-01,2020-12-01,49.5,EQTY ,3790,1000,3.79,CASH ,0.00274,1,0.25,42,B
2020-12-09,NYM,C10,CL,OOF,C10 SHORT TERM ,2021-01-01,2020-12-01,50,EQTY ,0,1000,0.01,CASH ,0.00274,0,0.25,42,B
2020-12-09,NYM,C10,CL,OOF,C10 SHORT TERM ,2021-01-01,2020-12-01,50,EQTY ,4290,1000,4.29,CASH ,0.00274,1,0.25,42,B
2020-12-09,NYM,C10,CL,OOF,C10 SHORT TERM ,2021-01-01,2020-12-01,50.5,EQTY ,0,1000,0.01,CASH ,0.00274,0,0.25,42,B
2020-12-09,NYM,C10,CL,OOF,C10 SHORT TERM ,2021-01-01,2020-12-01,50.5,EQTY ,4750,1000,4.79,CASH ,0.00274,0.9916493,0.25,42,B
2020-12-09,NYM,C10,CL,OOF,C10 SHORT TERM ,2021-01-01,2020-12-01,51,EQTY ,0,1000,0.01,CASH ,0.00274,0,0.25,42,B
2020-12-09,NYM,C10,CL,OOF,C10 SHORT TERM ,2021-01-01,2020-12-01,51,EQTY ,4750,1000,5.29,CASH ,0.00274,0.8979206,0.25,42,B
2020-12-09,NYM,C10,CL,OOF,C10 SHORT TERM ,2021-01-01,2020-12-01,51.5,EQTY ,0,1000,0.01,CASH ,0.00274,0,0.25,42,B
2020-12-09,NYM,C10,CL,OOF,C10 SHORT TERM ,2021-01-01,2020-12-01,51.5,EQTY ,4750,1000,5.79,CASH ,0.00274,0.82038,0.25,42,B
2020-12-09,NYM,LO2,CL,OOF,WEEKLY CRUDE OI,2021-01-01,2020-12-01,7.5,EQTY ,4750,1000,38.03,DELIV,0.005479,0.1249014,0.313444,42,W
2020-12-09,NYM,LO2,CL,OOF,WEEKLY CRUDE OI,2021-01-01,2020-12-01,7.5,EQTY ,0,1000,0.01,DELIV,0.005479,0,0.313444,42,W
2020-12-09,NYM,LO2,CL,OOF,WEEKLY CRUDE OI,2021-01-01,2020-12-01,10,EQTY ,4750,1000,35.53,DELIV,0.005479,0.1336898,0.313444,42,W
2020-12-09,NYM,LO2,CL,OOF,WEEKLY CRUDE OI,2021-01-01,2020-12-01,10,EQTY ,0,1000,0.01,DELIV,0.005479,0,0.313444,42,W
2020-12-09,NYM,LO2,CL,OOF,WEEKLY CRUDE OI,2021-01-01,2020-12-01,12.5,EQTY ,4750,1000,33.03,DELIV,0.005479,0.1438087,0.313444,42,W
2020-12-09,NYM,LO2,CL,OOF,WEEKLY CRUDE OI,2021-01-01,2020-12-01,12.5,EQTY ,0,1000,0.01,DELIV,0.005479,0,0.313444,42,W
2020-12-09,NYM,LO2,CL,OOF,WEEKLY CRUDE OI,2021-01-01,2020-12-01,15,EQTY ,4750,1000,30.53,DELIV,0.005479,0.1555847,0.313444,42,W
2020-12-09,NYM,LO2,CL,OOF,WEEKLY CRUDE OI,2021-01-01,2020-12-01,15,EQTY ,0,1000,0.01,DELIV,0.005479,0,0.313444,42,W
2020-12-09,NYM,LO2,CL,OOF,WEEKLY CRUDE OI,2021-01-01,2020-12-01,17.5,EQTY ,4750,1000,28.03,DELIV,0.005479,0.1694613,0.313444,42,W
2020-12-09,NYM,LO2,CL,OOF,WEEKLY CRUDE OI,2021-01-01,2020-12-01,17.5,EQTY ,0,1000,0.01,DELIV,0.005479,0,0.313444,42,W
2020-12-09,NYM,LO2,CL,OOF,WEEKLY CRUDE OI,2021-01-01,2020-12-01,20,EQTY ,4750,1000,25.53,DELIV,0.005479,0.1860556,0.313444,42,W
2020-12-09,NYM,LO2,CL,OOF,WEEKLY CRUDE OI,2021-01-01,2020-12-01,20,EQTY ,0,1000,0.01,DELIV,0.005479,0,0.313444,42,W
2020-12-09,NYM,LO2,CL,OOF,WEEKLY CRUDE OI,2021-01-01,2020-12-01,22.5,EQTY ,4750,1000,23.03,DELIV,0.005479,0.2062527,0.313444,42,W
2020-12-09,NYM,LO2,CL,OOF,WEEKLY CRUDE OI,2021-01-01,2020-12-01,22.5,EQTY ,0,1000,0.01,DELIV,0.005479,0,0.313444,42,W
2020-12-09,NYM,LO2,CL,OOF,WEEKLY CRUDE OI,2021-01-01,2020-12-01,25,EQTY ,4750,1000,20.53,DELIV,0.005479,0.2313687,0.313444,42,W
2020-12-09,NYM,LO2,CL,OOF,WEEKLY CRUDE OI,2021-01-01,2020-12-01,25,EQTY ,0,1000,0.01,DELIV,0.005479,0,0.313444,42,W
2020-12-09,NYM,LO2,CL,OOF,WEEKLY CRUDE OI,2021-01-01,2020-12-01,27.5,EQTY ,4750,1000,18.03,DELIV,0.005479,0.2634498,0.313444,42,W
2020-12-09,NYM,LO2,CL,OOF,WEEKLY CRUDE OI,2021-01-01,2020-12-01,27.5,EQTY ,0,1000,0.01,DELIV,0.005479,0,0.313444,42,W
2020-12-09,NYM,LO2,CL,OOF,WEEKLY CRUDE OI,2021-01-01,2020-12-01,30,EQTY ,4750,1000,15.53,DELIV,0.005479,0.3058596,0.313444,42,W
2020-12-09,NYM,LO2,CL,OOF,WEEKLY CRUDE OI,2021-01-01,2020-12-01,30,EQTY ,0,1000,0.01,DELIV,0.005479,0,0.313444,42,W
2020-12-09,NYM,LO2,CL,OOF,WEEKLY CRUDE OI,2021-01-01,2020-12-01,30.5,EQTY ,4750,1000,15.03,DELIV,0.005479,0.3160346,0.313444,42,W
2020-12-09,NYM,LO2,CL,OOF,WEEKLY CRUDE OI,2021-01-01,2020-12-01,30.5,EQTY ,0,1000,0.01,DELIV,0.005479,0,0.313444,42,W
2020-12-09,NYM,LO2,CL,OOF,WEEKLY CRUDE OI,2021-01-01,2020-12-01,31,EQTY ,4750,1000,14.53,DELIV,0.005479,0.3269098,0.313444,42,W
2020-12-09,NYM,LO2,CL,OOF,WEEKLY CRUDE OI,2021-01-01,2020-12-01,31,EQTY ,0,1000,0.01,DELIV,0.005479,0,0.313444,42,W
2020-12-09,NYM,LO2,CL,OOF,WEEKLY CRUDE OI,2021-01-01,2020-12-01,31.5,EQTY ,4750,1000,14.03,DELIV,0.005479,0.3385602,0.313444,42,W
2020-12-09,NYM,LO2,CL,OOF,WEEKLY CRUDE OI,2021-01-01,2020-12-01,31.5,EQTY ,0,1000,0.01,DELIV,0.005479,0,0.313444,42,W
2020-12-09,NYM,LO2,CL,OOF,WEEKLY CRUDE OI,2021-01-01,2020-12-01,32,EQTY ,4750,1000,13.53,DELIV,0.005479,0.3510717,0.313444,42,W
2020-12-09,NYM,LO2,CL,OOF,WEEKLY CRUDE OI,2021-01-01,2020-12-01,32,EQTY ,0,1000,0.01,DELIV,0.005479,0,0.313444,42,W
2020-12-09,NYM,LO2,CL,OOF,WEEKLY CRUDE OI,2021-01-01,2020-12-01,32.5,EQTY ,4750,1000,13.03,DELIV,0.005479,0.3645434,0.313444,42,W
2020-12-09,NYM,LO2,CL,OOF,WEEKLY CRUDE OI,2021-01-01,2020-12-01,32.5,EQTY ,0,1000,0.01,DELIV,0.005479,0,0.313444,42,W
2020-12-09,NYM,LO2,CL,OOF,WEEKLY CRUDE OI,2021-01-01,2020-12-01,33,EQTY ,4750,1000,12.53,DELIV,0.005479,0.3790902,0.313444,42,W
2020-12-09,NYM,LO2,CL,OOF,WEEKLY CRUDE OI,2021-01-01,2020-12-01,33,EQTY ,0,1000,0.01,DELIV,0.005479,0,0.313444,42,W
2020-12-09,NYM,LO2,CL,OOF,WEEKLY CRUDE OI,2021-01-01,2020-12-01,33.5,EQTY ,4750,1000,12.03,DELIV,0.005479,0.3948462,0.313444,42,W
2020-12-09,NYM,LO2,CL,OOF,WEEKLY CRUDE OI,2021-01-01,2020-12-01,33.5,EQTY ,0,1000,0.01,DELIV,0.005479,0,0.313444,42,W
2020-12-09,NYM,LO2,CL,OOF,WEEKLY CRUDE OI,2021-01-01,2020-12-01,34,EQTY ,4750,1000,11.53,DELIV,0.005479,0.4119688,0.313444,42,W
2020-12-09,NYM,LO2,CL,OOF,WEEKLY CRUDE OI,2021-01-01,2020-12-01,34,EQTY ,0,1000,0.01,DELIV,0.005479,0,0.313444,42,W
2020-12-09,NYM,LO2,CL,OOF,WEEKLY CRUDE OI,2021-01-01,2020-12-01,34.5,EQTY ,4750,1000,11.03,DELIV,0.005479,0.4306437,0.313444,42,W
2020-12-09,NYM,LO2,CL,OOF,WEEKLY CRUDE OI,2021-01-01,2020-12-01,34.5,EQTY ,0,1000,0.01,DELIV,0.005479,0,0.313444,42,W
2020-12-09,NYM,LO2,CL,OOF,WEEKLY CRUDE OI,2021-01-01,2020-12-01,35,EQTY ,4750,1000,10.53,DELIV,0.005479,0.4510921,0.313444,42,W
2020-12-09,NYM,LO2,CL,OOF,WEEKLY CRUDE OI,2021-01-01,2020-12-01,35,EQTY ,0,1000,0.01,DELIV,0.005479,0,0.313444,42,W
2020-12-09,NYM,LO2,CL,OOF,WEEKLY CRUDE OI,2021-01-01,2020-12-01,35.5,EQTY ,4750,1000,10.03,DELIV,0.005479,0.4735793,0.313444,42,W
2020-12-09,NYM,LO2,CL,OOF,WEEKLY CRUDE OI,2021-01-01,2020-12-01,35.5,EQTY ,0,1000,0.01,DELIV,0.005479,0,0.313444,42,W
2020-12-09,NYM,LO2,CL,OOF,WEEKLY CRUDE OI,2021-01-01,2020-12-01,36,EQTY ,4750,1000,9.53,DELIV,0.005479,0.498426,0.313444,42,W
2020-12-09,NYM,LO2,CL,OOF,WEEKLY CRUDE OI,2021-01-01,2020-12-01,36,EQTY ,0,1000,0.01,DELIV,0.005479,0,0.313444,42,W
2020-12-09,NYM,LO2,CL,OOF,WEEKLY CRUDE OI,2021-01-01,2020-12-01,36.5,EQTY ,4750,1000,9.03,DELIV,0.005479,0.5260244,0.313444,42,W
2020-12-09,NYM,LO2,CL,OOF,WEEKLY CRUDE OI,2021-01-01,2020-12-01,36.5,EQTY ,0,1000,0.01,DELIV,0.005479,0,0.313444,42,W
2020-12-09,NYM,LO2,CL,OOF,WEEKLY CRUDE OI,2021-01-01,2020-12-01,37,EQTY ,4750,1000,8.53,DELIV,0.005479,0.5568581,0.313444,42,W
2020-12-09,NYM,LO2,CL,OOF,WEEKLY CRUDE OI,2021-01-01,2020-12-01,37,EQTY ,0,1000,0.01,DELIV,0.005479,0,0.313444,42,W
2020-12-09,NYM,LO2,CL,OOF,WEEKLY CRUDE OI,2021-01-01,2020-12-01,37.5,EQTY ,4751,1000,8.03,DELIV,0.005479,0.5916563,0.313444,42,W
2020-12-09,NYM,LO2,CL,OOF,WEEKLY CRUDE OI,2021-01-01,2020-12-01,37.5,EQTY ,1,1000,0.01,DELIV,0.005479,0.1,0.313444,42,W
2020-12-09,NYM,LO2,CL,OOF,WEEKLY CRUDE OI,2021-01-01,2020-12-01,38,EQTY ,4751,1000,7.53,DELIV,0.005479,0.6309429,0.313444,42,W
2020-12-09,NYM,LO2,CL,OOF,WEEKLY CRUDE OI,2021-01-01,2020-12-01,38,EQTY ,2,1000,0.01,DELIV,0.005479,0.2,0.313444,42,W
2020-12-09,NYM,LO2,CL,OOF,WEEKLY CRUDE OI,2021-01-01,2020-12-01,38.5,EQTY ,4748,1000,7.03,DELIV,0.005479,0.6753912,0.313444,42,W
2020-12-09,NYM,LO2,CL,OOF,WEEKLY CRUDE OI,2021-01-01,2020-12-01,38.5,EQTY ,3,1000,0.01,DELIV,0.005479,0.3,0.313444,42,W
2020-12-09,NYM,LO2,CL,OOF,WEEKLY CRUDE OI,2021-01-01,2020-12-01,39,EQTY ,4738,1000,6.53,DELIV,0.005479,0.7255743,0.313444,42,W
2020-12-09,NYM,LO2,CL,OOF,WEEKLY CRUDE OI,2021-01-01,2020-12-01,39,EQTY ,6,1000,0.01,DELIV,0.005479,0.6,0.313444,42,W
2020-12-09,NYM,LO2,CL,OOF,WEEKLY CRUDE OI,2021-01-01,2020-12-01,39.5,EQTY ,4706,1000,6.03,DELIV,0.005479,0.7804312,0.313444,42,W
2020-12-09,NYM,LO2,CL,OOF,WEEKLY CRUDE OI,2021-01-01,2020-12-01,39.5,EQTY ,10,1000,0.01,DELIV,0.005479,1,0.313444,42,W
2020-12-09,NYM,LO2,CL,OOF,WEEKLY CRUDE OI,2021-01-01,2020-12-01,40,EQTY ,4630,1000,5.54,DELIV,0.005479,0.8357401,0.313444,42,W
2020-12-09,NYM,LO2,CL,OOF,WEEKLY CRUDE OI,2021-01-01,2020-12-01,40,EQTY ,20,1000,0.02,DELIV,0.005479,1,0.313444,42,W
2020-12-09,NYM,LO2,CL,OOF,WEEKLY CRUDE OI,2021-01-01,2020-12-01,40.5,EQTY ,4505,1000,5.04,DELIV,0.005479,0.8938492,0.313444,42,W
2020-12-09,NYM,LO2,CL,OOF,WEEKLY CRUDE OI,2021-01-01,2020-12-01,40.5,EQTY ,20,1000,0.02,DELIV,0.005479,1,0.313444,42,W
2020-12-09,NYM,LO2,CL,OOF,WEEKLY CRUDE OI,2021-01-01,2020-12-01,41,EQTY ,4277,1000,4.55,DELIV,0.005479,0.94,0.313444,42,W
2020-12-09,NYM,LO2,CL,OOF,WEEKLY CRUDE OI,2021-01-01,2020-12-01,41,EQTY ,30,1000,0.03,DELIV,0.005479,1,0.313444,42,W
2020-12-09,NYM,LO2,CL,OOF,WEEKLY CRUDE OI,2021-01-01,2020-12-01,41.5,EQTY ,3953,1000,4.06,DELIV,0.005479,0.9736453,0.313444,42,W
2020-12-09,NYM,LO2,CL,OOF,WEEKLY CRUDE OI,2021-01-01,2020-12-01,41.5,EQTY ,40,1000,0.04,DELIV,0.005479,1,0.313444,42,W
2020-12-09,NYM,LO2,CL,OOF,WEEKLY CRUDE OI,2021-01-01,2020-12-01,42,EQTY ,3537,1000,3.56,DELIV,0.005479,0.9935393,0.313444,42,W
2020-12-09,NYM,LO2,CL,OOF,WEEKLY CRUDE OI,2021-01-01,2020-12-01,42,EQTY ,40,1000,0.04,DELIV,0.005479,1,0.313444,42,W
2020-12-09,NYM,LO2,CL,OOF,WEEKLY CRUDE OI,2021-01-01,2020-12-01,42.5,EQTY ,3067,1000,3.07,DELIV,0.005479,0.9990228,0.313444,42,W
2020-12-09,NYM,LO2,CL,OOF,WEEKLY CRUDE OI,2021-01-01,2020-12-01,42.5,EQTY ,50,1000,0.05,DELIV,0.005479,1,0.313444,42,W
2020-12-09,NYM,LO2,CL,OOF,WEEKLY CRUDE OI,2021-01-01,2020-12-01,43,EQTY ,2590,1000,2.59,DELIV,0.005479,1,0.313444,42,W
2020-12-09,NYM,LO2,CL,OOF,WEEKLY CRUDE OI,2021-01-01,2020-12-01,43,EQTY ,70,1000,0.07,DELIV,0.005479,1,0.313444,42,W
2020-12-09,NYM,LO2,CL,OOF,WEEKLY CRUDE OI,2021-01-01,2020-12-01,43.5,EQTY ,2120,1000,2.12,DELIV,0.005479,1,0.313444,42,W
2020-12-09,NYM,LO2,CL,OOF,WEEKLY CRUDE OI,2021-01-01,2020-12-01,43.5,EQTY ,100,1000,0.1,DELIV,0.005479,1,0.313444,42,W
2020-12-09,NYM,LO2,CL,OOF,WEEKLY CRUDE OI,2021-01-01,2020-12-01,44,EQTY ,1660,1000,1.66,DELIV,0.005479,1,0.313444,42,W
2020-12-09,NYM,LO2,CL,OOF,WEEKLY CRUDE OI,2021-01-01,2020-12-01,44,EQTY ,140,1000,0.14,DELIV,0.005479,1,0.313444,42,W
2020-12-09,NYM,LO2,CL,OOF,WEEKLY CRUDE OI,2021-01-01,2020-12-01,44.5,EQTY ,1230,1000,1.23,DELIV,0.005479,1,0.313444,42,W
2020-12-09,NYM,LO2,CL,OOF,WEEKLY CRUDE OI,2021-01-01,2020-12-01,44.5,EQTY ,210,1000,0.21,DELIV,0.005479,1,0.313444,42,W
2020-12-09,NYM,LO2,CL,OOF,WEEKLY CRUDE OI,2021-01-01,2020-12-01,45,EQTY ,840,1000,0.84,DELIV,0.005479,1,0.313444,42,W
2020-12-09,NYM,LO2,CL,OOF,WEEKLY CRUDE OI,2021-01-01,2020-12-01,45,EQTY ,320,1000,0.32,DELIV,0.005479,1,0.313444,42,W
2020-12-09,NYM,LO2,CL,OOF,WEEKLY CRUDE OI,2021-01-01,2020-12-01,45.5,EQTY ,520,1000,0.52,DELIV,0.005479,1,0.313444,42,W
2020-12-09,NYM,LO2,CL,OOF,WEEKLY CRUDE OI,2021-01-01,2020-12-01,45.5,EQTY ,500,1000,0.5,DELIV,0.005479,1,0.313444,42,W
2020-12-09,NYM,LO2,CL,OOF,WEEKLY CRUDE OI,2021-01-01,2020-12-01,46,EQTY ,290,1000,0.29,DELIV,0.005479,1,0.313444,42,W
2020-12-09,NYM,LO2,CL,OOF,WEEKLY CRUDE OI,2021-01-01,2020-12-01,46,EQTY ,770,1000,0.77,DELIV,0.005479,1,0.313444,42,W
2020-12-09,NYM,LO2,CL,OOF,WEEKLY CRUDE OI,2021-01-01,2020-12-01,46.5,EQTY ,150,1000,0.15,DELIV,0.005479,1,0.313444,42,W
2020-12-09,NYM,LO2,CL,OOF,WEEKLY CRUDE OI,2021-01-01,2020-12-01,46.5,EQTY ,1130,1000,1.13,DELIV,0.005479,1,0.313444,42,W
2020-12-09,NYM,LO2,CL,OOF,WEEKLY CRUDE OI,2021-01-01,2020-12-01,47,EQTY ,80,1000,0.08,DELIV,0.005479,1,0.313444,42,W
2020-12-09,NYM,LO2,CL,OOF,WEEKLY CRUDE OI,2021-01-01,2020-12-01,47,EQTY ,1560,1000,1.56,DELIV,0.005479,1,0.313444,42,W
2020-12-09,NYM,LO2,CL,OOF,WEEKLY CRUDE OI,2021-01-01,2020-12-01,47.5,EQTY ,50,1000,0.05,DELIV,0.005479,1,0.313444,42,W
2020-12-09,NYM,LO2,CL,OOF,WEEKLY CRUDE OI,2021-01-01,2020-12-01,47.5,EQTY ,2030,1000,2.03,DELIV,0.005479,1,0.313444,42,W
2020-12-09,NYM,LO2,CL,OOF,WEEKLY CRUDE OI,2021-01-01,2020-12-01,48,EQTY ,30,1000,0.03,DELIV,0.005479,1,0.313444,42,W
2020-12-09,NYM,LO2,CL,OOF,WEEKLY CRUDE OI,2021-01-01,2020-12-01,48,EQTY ,2510,1000,2.51,DELIV,0.005479,1,0.313444,42,W
2020-12-09,NYM,LO2,CL,OOF,WEEKLY CRUDE OI,2021-01-01,2020-12-01,48.5,EQTY ,30,1000,0.03,DELIV,0.005479,1,0.313444,42,W
2020-12-09,NYM,LO2,CL,OOF,WEEKLY CRUDE OI,2021-01-01,2020-12-01,48.5,EQTY ,3008,1000,3.01,DELIV,0.005479,0.9993355,0.313444,42,W
2020-12-09,NYM,LO2,CL,OOF,WEEKLY CRUDE OI,2021-01-01,2020-12-01,49,EQTY ,20,1000,0.02,DELIV,0.005479,1,0.313444,42,W
2020-12-09,NYM,LO2,CL,OOF,WEEKLY CRUDE OI,2021-01-01,2020-12-01,49,EQTY ,3482,1000,3.5,DELIV,0.005479,0.9948571,0.313444,42,W
2020-12-09,NYM,LO2,CL,OOF,WEEKLY CRUDE OI,2021-01-01,2020-12-01,49.5,EQTY ,20,1000,0.02,DELIV,0.005479,1,0.313444,42,W
2020-12-09,NYM,LO2,CL,OOF,WEEKLY CRUDE OI,2021-01-01,2020-12-01,49.5,EQTY ,3907,1000,4,DELIV,0.005479,0.97675,0.313444,42,W
2020-12-09,NYM,LO2,CL,OOF,WEEKLY CRUDE OI,2021-01-01,2020-12-01,50,EQTY ,10,1000,0.01,DELIV,0.005479,1,0.313444,42,W
2020-12-09,NYM,LO2,CL,OOF,WEEKLY CRUDE OI,2021-01-01,2020-12-01,50,EQTY ,4256,1000,4.49,DELIV,0.005479,0.9478842,0.313444,42,W
2020-12-09,NYM,LO2,CL,OOF,WEEKLY CRUDE OI,2021-01-01,2020-12-01,50.5,EQTY ,5,1000,0.01,DELIV,0.005479,0.5,0.313444,42,W
2020-12-09,NYM,LO2,CL,OOF,WEEKLY CRUDE OI,2021-01-01,2020-12-01,50.5,EQTY ,4504,1000,4.99,DELIV,0.005479,0.9026052,0.313444,42,W
2020-12-09,NYM,LO2,CL,OOF,WEEKLY CRUDE OI,2021-01-01,2020-12-01,51,EQTY ,3,1000,0.01,DELIV,0.005479,0.3,0.313444,42,W
2020-12-09,NYM,LO2,CL,OOF,WEEKLY CRUDE OI,2021-01-01,2020-12-01,51,EQTY ,4648,1000,5.49,DELIV,0.005479,0.8466302,0.313444,42,W
2020-12-09,NYM,LO2,CL,OOF,WEEKLY CRUDE OI,2021-01-01,2020-12-01,51.5,EQTY ,1,1000,0.01,DELIV,0.005479,0.1,0.313444,42,W
2020-12-09,NYM,LO2,CL,OOF,WEEKLY CRUDE OI,2021-01-01,2020-12-01,51.5,EQTY ,4716,1000,5.99,DELIV,0.005479,0.7873122,0.313444,42,W
2020-12-09,NYM,LO2,CL,OOF,WEEKLY CRUDE OI,2021-01-01,2020-12-01,52,EQTY ,1,1000,0.01,DELIV,0.005479,0.1,0.313444,42,W
2020-12-09,NYM,LO2,CL,OOF,WEEKLY CRUDE OI,2021-01-01,2020-12-01,52,EQTY ,4741,1000,6.49,DELIV,0.005479,0.7305085,0.313444,42,W
2020-12-09,NYM,LO2,CL,OOF,WEEKLY CRUDE OI,2021-01-01,2020-12-01,52.5,EQTY ,0,1000,0.01,DELIV,0.005479,0,0.313444,42,W
2020-12-09,NYM,LO2,CL,OOF,WEEKLY CRUDE OI,2021-01-01,2020-12-01,52.5,EQTY ,4748,1000,6.99,DELIV,0.005479,0.6792561,0.313444,42,W
2020-12-09,NYM,LO2,CL,OOF,WEEKLY CRUDE OI,2021-01-01,2020-12-01,53,EQTY ,0,1000,0.01,DELIV,0.005479,0,0.313444,42,W
2020-12-09,NYM,LO2,CL,OOF,WEEKLY CRUDE OI,2021-01-01,2020-12-01,53,EQTY ,4750,1000,7.49,DELIV,0.005479,0.6341789,0.313444,42,W
2020-12-09,NYM,LO2,CL,OOF,WEEKLY CRUDE OI,2021-01-01,2020-12-01,53.5,EQTY ,0,1000,0.01,DELIV,0.005479,0,0.313444,42,W
2020-12-09,NYM,LO2,CL,OOF,WEEKLY CRUDE OI,2021-01-01,2020-12-01,53.5,EQTY ,4750,1000,7.99,DELIV,0.005479,0.5944931,0.313444,42,W
2020-12-09,NYM,LO2,CL,OOF,WEEKLY CRUDE OI,2021-01-01,2020-12-01,54,EQTY ,0,1000,0.01,DELIV,0.005479,0,0.313444,42,W
2020-12-09,NYM,LO2,CL,OOF,WEEKLY CRUDE OI,2021-01-01,2020-12-01,54,EQTY ,4750,1000,8.49,DELIV,0.005479,0.5594817,0.313444,42,W
2020-12-09,NYM,LO2,CL,OOF,WEEKLY CRUDE OI,2021-01-01,2020-12-01,54.5,EQTY ,0,1000,0.01,DELIV,0.005479,0,0.313444,42,W
2020-12-09,NYM,LO2,CL,OOF,WEEKLY CRUDE OI,2021-01-01,2020-12-01,54.5,EQTY ,4750,1000,8.99,DELIV,0.005479,0.5283648,0.313444,42,W
2020-12-09,NYM,LO2,CL,OOF,WEEKLY CRUDE OI,2021-01-01,2020-12-01,55,EQTY ,0,1000,0.01,DELIV,0.005479,0,0.313444,42,W
2020-12-09,NYM,LO2,CL,OOF,WEEKLY CRUDE OI,2021-01-01,2020-12-01,55,EQTY ,4750,1000,9.49,DELIV,0.005479,0.5005269,0.313444,42,W
2020-12-09,NYM,LO2,CL,OOF,WEEKLY CRUDE OI,2021-01-01,2020-12-01,55.5,EQTY ,0,1000,0.01,DELIV,0.005479,0,0.313444,42,W
2020-12-09,NYM,LO2,CL,OOF,WEEKLY CRUDE OI,2021-01-01,2020-12-01,55.5,EQTY ,4750,1000,9.99,DELIV,0.005479,0.4754755,0.313444,42,W
2020-12-09,NYM,LO2,CL,OOF,WEEKLY CRUDE OI,2021-01-01,2020-12-01,56,EQTY ,0,1000,0.01,DELIV,0.005479,0,0.313444,42,W
2020-12-09,NYM,LO2,CL,OOF,WEEKLY CRUDE OI,2021-01-01,2020-12-01,56,EQTY ,4750,1000,10.49,DELIV,0.005479,0.4528122,0.313444,42,W
2020-12-09,NYM,LO2,CL,OOF,WEEKLY CRUDE OI,2021-01-01,2020-12-01,56.5,EQTY ,0,1000,0.01,DELIV,0.005479,0,0.313444,42,W
2020-12-09,NYM,LO2,CL,OOF,WEEKLY CRUDE OI,2021-01-01,2020-12-01,56.5,EQTY ,4750,1000,10.99,DELIV,0.005479,0.4322111,0.313444,42,W
2020-12-09,NYM,LO2,CL,OOF,WEEKLY CRUDE OI,2021-01-01,2020-12-01,57.5,EQTY ,0,1000,0.01,DELIV,0.005479,0,0.313444,42,W
2020-12-09,NYM,LO2,CL,OOF,WEEKLY CRUDE OI,2021-01-01,2020-12-01,57.5,EQTY ,4750,1000,11.99,DELIV,0.005479,0.3961635,0.313444,42,W
2020-12-09,NYM,LO2,CL,OOF,WEEKLY CRUDE OI,2021-01-01,2020-12-01,60,EQTY ,0,1000,0.01,DELIV,0.005479,0,0.313444,42,W
2020-12-09,NYM,LO2,CL,OOF,WEEKLY CRUDE OI,2021-01-01,2020-12-01,60,EQTY ,4750,1000,14.49,DELIV,0.005479,0.3278123,0.313444,42,W
2020-12-09,NYM,LO2,CL,OOF,WEEKLY CRUDE OI,2021-01-01,2020-12-01,62.5,EQTY ,0,1000,0.01,DELIV,0.005479,0,0.313444,42,W
2020-12-09,NYM,LO2,CL,OOF,WEEKLY CRUDE OI,2021-01-01,2020-12-01,62.5,EQTY ,4750,1000,16.99,DELIV,0.005479,0.2795762,0.313444,42,W
2020-12-09,NYM,LO2,CL,OOF,WEEKLY CRUDE OI,2021-01-01,2020-12-01,65,EQTY ,0,1000,0.01,DELIV,0.005479,0,0.313444,42,W
2020-12-09,NYM,LO2,CL,OOF,WEEKLY CRUDE OI,2021-01-01,2020-12-01,65,EQTY ,4750,1000,19.49,DELIV,0.005479,0.2437147,0.313444,42,W
2020-12-09,NYM,LO2,CL,OOF,WEEKLY CRUDE OI,2021-01-01,2020-12-01,67.5,EQTY ,0,1000,0.01,DELIV,0.005479,0,0.313444,42,W
2020-12-09,NYM,LO2,CL,OOF,WEEKLY CRUDE OI,2021-01-01,2020-12-01,67.5,EQTY ,4750,1000,21.99,DELIV,0.005479,0.2160073,0.313444,42,W
2020-12-09,NYM,LO2,CL,OOF,WEEKLY CRUDE OI,2021-01-01,2020-12-01,70,EQTY ,0,1000,0.01,DELIV,0.005479,0,0.313444,42,W
2020-12-09,NYM,LO2,CL,OOF,WEEKLY CRUDE OI,2021-01-01,2020-12-01,70,EQTY ,4750,1000,24.49,DELIV,0.005479,0.1939567,0.313444,42,W
2020-12-09,NYM,LO2,CL,OOF,WEEKLY CRUDE OI,2021-01-01,2020-12-01,72.5,EQTY ,0,1000,0.01,DELIV,0.005479,0,0.313444,42,W
2020-12-09,NYM,LO2,CL,OOF,WEEKLY CRUDE OI,2021-01-01,2020-12-01,72.5,EQTY ,4750,1000,26.99,DELIV,0.005479,0.1759911,0.313444,42,W
2020-12-09,NYM,LO2,CL,OOF,WEEKLY CRUDE OI,2021-01-01,2020-12-01,75,EQTY ,0,1000,0.01,DELIV,0.005479,0,0.313444,42,W
2020-12-09,NYM,LO2,CL,OOF,WEEKLY CRUDE OI,2021-01-01,2020-12-01,75,EQTY ,4750,1000,29.49,DELIV,0.005479,0.1610715,0.313444,42,W
2020-12-09,NYM,LO2,CL,OOF,WEEKLY CRUDE OI,2021-01-01,2020-12-01,77.5,EQTY ,0,1000,0.01,DELIV,0.005479,0,0.313444,42,W
2020-12-09,NYM,LO2,CL,OOF,WEEKLY CRUDE OI,2021-01-01,2020-12-01,77.5,EQTY ,4750,1000,31.99,DELIV,0.005479,0.1484839,0.313444,42,W
2020-12-09,NYM,LO2,CL,OOF,WEEKLY CRUDE OI,2021-01-01,2020-12-01,80,EQTY ,0,1000,0.01,DELIV,0.005479,0,0.313444,42,W
2020-12-09,NYM,LO2,CL,OOF,WEEKLY CRUDE OI,2021-01-01,2020-12-01,80,EQTY ,4750,1000,34.49,DELIV,0.005479,0.1377211,0.313444,42,W
2020-12-09,NYM,LO3,CL,OOF,WEEKLY CRUDE OI,2021-02-01,2020-12-01,7.5,EQTY ,4100,1000,38.23,DELIV,0.024658,0.1072456,0.31564,38,W
2020-12-09,NYM,LO3,CL,OOF,WEEKLY CRUDE OI,2021-02-01,2020-12-01,7.5,EQTY ,0,1000,0.01,DELIV,0.024658,0,0.31564,38,W
2020-12-09,NYM,LO3,CL,OOF,WEEKLY CRUDE OI,2021-02-01,2020-12-01,10,EQTY ,4100,1000,35.73,DELIV,0.024658,0.1147495,0.31564,38,W
2020-12-09,NYM,LO3,CL,OOF,WEEKLY CRUDE OI,2021-02-01,2020-12-01,10,EQTY ,0,1000,0.01,DELIV,0.024658,0,0.31564,38,W
2020-12-09,NYM,LO3,CL,OOF,WEEKLY CRUDE OI,2021-02-01,2020-12-01,12.5,EQTY ,4100,1000,33.23,DELIV,0.024658,0.1233825,0.31564,38,W
2020-12-09,NYM,LO3,CL,OOF,WEEKLY CRUDE OI,2021-02-01,2020-12-01,12.5,EQTY ,0,1000,0.01,DELIV,0.024658,0,0.31564,38,W
2020-12-09,NYM,LO3,CL,OOF,WEEKLY CRUDE OI,2021-02-01,2020-12-01,15,EQTY ,4100,1000,30.73,DELIV,0.024658,0.1334201,0.31564,38,W
2020-12-09,NYM,LO3,CL,OOF,WEEKLY CRUDE OI,2021-02-01,2020-12-01,15,EQTY ,0,1000,0.01,DELIV,0.024658,0,0.31564,38,W
2020-12-09,NYM,LO3,CL,OOF,WEEKLY CRUDE OI,2021-02-01,2020-12-01,17.5,EQTY ,4100,1000,28.23,DELIV,0.024658,0.1452356,0.31564,38,W
2020-12-09,NYM,LO3,CL,OOF,WEEKLY CRUDE OI,2021-02-01,2020-12-01,17.5,EQTY ,0,1000,0.01,DELIV,0.024658,0,0.31564,38,W
2020-12-09,NYM,LO3,CL,OOF,WEEKLY CRUDE OI,2021-02-01,2020-12-01,20,EQTY ,4100,1000,25.73,DELIV,0.024658,0.1593471,0.31564,38,W
2020-12-09,NYM,LO3,CL,OOF,WEEKLY CRUDE OI,2021-02-01,2020-12-01,20,EQTY ,0,1000,0.01,DELIV,0.024658,0,0.31564,38,W
2020-12-09,NYM,LO3,CL,OOF,WEEKLY CRUDE OI,2021-02-01,2020-12-01,22.5,EQTY ,4100,1000,23.23,DELIV,0.024658,0.1764959,0.31564,38,W
2020-12-09,NYM,LO3,CL,OOF,WEEKLY CRUDE OI,2021-02-01,2020-12-01,22.5,EQTY ,0,1000,0.01,DELIV,0.024658,0,0.31564,38,W
2020-12-09,NYM,LO3,CL,OOF,WEEKLY CRUDE OI,2021-02-01,2020-12-01,25,EQTY ,4100,1000,20.73,DELIV,0.024658,0.197781,0.31564,38,W
2020-12-09,NYM,LO3,CL,OOF,WEEKLY CRUDE OI,2021-02-01,2020-12-01,25,EQTY ,0,1000,0.01,DELIV,0.024658,0,0.31564,38,W
2020-12-09,NYM,LO3,CL,OOF,WEEKLY CRUDE OI,2021-02-01,2020-12-01,27.5,EQTY ,4100,1000,18.23,DELIV,0.024658,0.224904,0.31564,38,W
2020-12-09,NYM,LO3,CL,OOF,WEEKLY CRUDE OI,2021-02-01,2020-12-01,27.5,EQTY ,0,1000,0.01,DELIV,0.024658,0,0.31564,38,W
2020-12-09,NYM,LO3,CL,OOF,WEEKLY CRUDE OI,2021-02-01,2020-12-01,30,EQTY ,4101,1000,15.73,DELIV,0.024658,0.260712,0.31564,38,W
2020-12-09,NYM,LO3,CL,OOF,WEEKLY CRUDE OI,2021-02-01,2020-12-01,30,EQTY ,1,1000,0.01,DELIV,0.024658,0.1,0.31564,38,W
2020-12-09,NYM,LO3,CL,OOF,WEEKLY CRUDE OI,2021-02-01,2020-12-01,32.5,EQTY ,4099,1000,13.23,DELIV,0.024658,0.3098262,0.31564,38,W
2020-12-09,NYM,LO3,CL,OOF,WEEKLY CRUDE OI,2021-02-01,2020-12-01,32.5,EQTY ,10,1000,0.01,DELIV,0.024658,1,0.31564,38,W
2020-12-09,NYM,LO3,CL,OOF,WEEKLY CRUDE OI,2021-02-01,2020-12-01,33,EQTY ,4097,1000,12.73,DELIV,0.024658,0.3218382,0.31564,38,W
2020-12-09,NYM,LO3,CL,OOF,WEEKLY CRUDE OI,2021-02-01,2020-12-01,33,EQTY ,10,1000,0.01,DELIV,0.024658,1,0.31564,38,W
2020-12-09,NYM,LO3,CL,OOF,WEEKLY CRUDE OI,2021-02-01,2020-12-01,33.5,EQTY ,4094,1000,12.24,DELIV,0.024658,0.3344771,0.31564,38,W
2020-12-09,NYM,LO3,CL,OOF,WEEKLY CRUDE OI,2021-02-01,2020-12-01,33.5,EQTY ,20,1000,0.02,DELIV,0.024658,1,0.31564,38,W
2020-12-09,NYM,LO3,CL,OOF,WEEKLY CRUDE OI,2021-02-01,2020-12-01,34,EQTY ,4091,1000,11.74,DELIV,0.024658,0.3484668,0.31564,38,W
2020-12-09,NYM,LO3,CL,OOF,WEEKLY CRUDE OI,2021-02-01,2020-12-01,34,EQTY ,20,1000,0.02,DELIV,0.024658,1,0.31564,38,W
2020-12-09,NYM,LO3,CL,OOF,WEEKLY CRUDE OI,2021-02-01,2020-12-01,34.5,EQTY ,4084,1000,11.25,DELIV,0.024658,0.3630222,0.31564,38,W
2020-12-09,NYM,LO3,CL,OOF,WEEKLY CRUDE OI,2021-02-01,2020-12-01,34.5,EQTY ,30,1000,0.03,DELIV,0.024658,1,0.31564,38,W
2020-12-09,NYM,LO3,CL,OOF,WEEKLY CRUDE OI,2021-02-01,2020-12-01,35,EQTY ,4075,1000,10.76,DELIV,0.024658,0.3787175,0.31564,38,W
2020-12-09,NYM,LO3,CL,OOF,WEEKLY CRUDE OI,2021-02-01,2020-12-01,35,EQTY ,40,1000,0.04,DELIV,0.024658,1,0.31564,38,W
2020-12-09,NYM,LO3,CL,OOF,WEEKLY CRUDE OI,2021-02-01,2020-12-01,35.5,EQTY ,4067,1000,10.26,DELIV,0.024658,0.3963938,0.31564,38,W
2020-12-09,NYM,LO3,CL,OOF,WEEKLY CRUDE OI,2021-02-01,2020-12-01,35.5,EQTY ,40,1000,0.04,DELIV,0.024658,1,0.31564,38,W
2020-12-09,NYM,LO3,CL,OOF,WEEKLY CRUDE OI,2021-02-01,2020-12-01,36,EQTY ,4053,1000,9.77,DELIV,0.024658,0.4148414,0.31564,38,W
2020-12-09,NYM,LO3,CL,OOF,WEEKLY CRUDE OI,2021-02-01,2020-12-01,36,EQTY ,50,1000,0.05,DELIV,0.024658,1,0.31564,38,W
2020-12-09,NYM,LO3,CL,OOF,WEEKLY CRUDE OI,2021-02-01,2020-12-01,36.5,EQTY ,4034,1000,9.28,DELIV,0.024658,0.4346983,0.31564,38,W
2020-12-09,NYM,LO3,CL,OOF,WEEKLY CRUDE OI,2021-02-01,2020-12-01,36.5,EQTY ,60,1000,0.06,DELIV,0.024658,1,0.31564,38,W
2020-12-09,NYM,LO3,CL,OOF,WEEKLY CRUDE OI,2021-02-01,2020-12-01,37,EQTY ,4012,1000,8.79,DELIV,0.024658,0.4564278,0.31564,38,W
2020-12-09,NYM,LO3,CL,OOF,WEEKLY CRUDE OI,2021-02-01,2020-12-01,37,EQTY ,70,1000,0.07,DELIV,0.024658,1,0.31564,38,W
2020-12-09,NYM,LO3,CL,OOF,WEEKLY CRUDE OI,2021-02-01,2020-12-01,37.5,EQTY ,3990,1000,8.29,DELIV,0.024658,0.4813028,0.31564,38,W
2020-12-09,NYM,LO3,CL,OOF,WEEKLY CRUDE OI,2021-02-01,2020-12-01,37.5,EQTY ,70,1000,0.07,DELIV,0.024658,1,0.31564,38,W
2020-12-09,NYM,LO3,CL,OOF,WEEKLY CRUDE OI,2021-02-01,2020-12-01,38,EQTY ,3956,1000,7.8,DELIV,0.024658,0.5071795,0.31564,38,W
2020-12-09,NYM,LO3,CL,OOF,WEEKLY CRUDE OI,2021-02-01,2020-12-01,38,EQTY ,79,1000,0.08,DELIV,0.024658,0.9875,0.31564,38,W
2020-12-09,NYM,LO3,CL,OOF,WEEKLY CRUDE OI,2021-02-01,2020-12-01,38.5,EQTY ,3922,1000,7.3,DELIV,0.024658,0.5372603,0.31564,38,W
2020-12-09,NYM,LO3,CL,OOF,WEEKLY CRUDE OI,2021-02-01,2020-12-01,38.5,EQTY ,80,1000,0.08,DELIV,0.024658,1,0.31564,38,W
2020-12-09,NYM,LO3,CL,OOF,WEEKLY CRUDE OI,2021-02-01,2020-12-01,39,EQTY ,3872,1000,6.81,DELIV,0.024658,0.5685756,0.31564,38,W
2020-12-09,NYM,LO3,CL,OOF,WEEKLY CRUDE OI,2021-02-01,2020-12-01,39,EQTY ,90,1000,0.09,DELIV,0.024658,1,0.31564,38,W
2020-12-09,NYM,LO3,CL,OOF,WEEKLY CRUDE OI,2021-02-01,2020-12-01,39.5,EQTY ,3809,1000,6.32,DELIV,0.024658,0.6026899,0.31564,38,W
2020-12-09,NYM,LO3,CL,OOF,WEEKLY CRUDE OI,2021-02-01,2020-12-01,39.5,EQTY ,99,1000,0.1,DELIV,0.024658,0.99,0.31564,38,W
2020-12-09,NYM,LO3,CL,OOF,WEEKLY CRUDE OI,2021-02-01,2020-12-01,40,EQTY ,3732,1000,5.83,DELIV,0.024658,0.6401372,0.31564,38,W
2020-12-09,NYM,LO3,CL,OOF,WEEKLY CRUDE OI,2021-02-01,2020-12-01,40,EQTY ,110,1000,0.11,DELIV,0.024658,1,0.31564,38,W
2020-12-09,NYM,LO3,CL,OOF,WEEKLY CRUDE OI,2021-02-01,2020-12-01,40.5,EQTY ,3628,1000,5.35,DELIV,0.024658,0.6781308,0.31564,38,W
2020-12-09,NYM,LO3,CL,OOF,WEEKLY CRUDE OI,2021-02-01,2020-12-01,40.5,EQTY ,129,1000,0.13,DELIV,0.024658,0.9923077,0.31564,38,W
2020-12-09,NYM,LO3,CL,OOF,WEEKLY CRUDE OI,2021-02-01,2020-12-01,41,EQTY ,3502,1000,4.87,DELIV,0.024658,0.7190965,0.31564,38,W
2020-12-09,NYM,LO3,CL,OOF,WEEKLY CRUDE OI,2021-02-01,2020-12-01,41,EQTY ,149,1000,0.15,DELIV,0.024658,0.9933333,0.31564,38,W
2020-12-09,NYM,LO3,CL,OOF,WEEKLY CRUDE OI,2021-02-01,2020-12-01,41.5,EQTY ,3349,1000,4.39,DELIV,0.024658,0.7628702,0.31564,38,W
2020-12-09,NYM,LO3,CL,OOF,WEEKLY CRUDE OI,2021-02-01,2020-12-01,41.5,EQTY ,169,1000,0.17,DELIV,0.024658,0.9941176,0.31564,38,W
2020-12-09,NYM,LO3,CL,OOF,WEEKLY CRUDE OI,2021-02-01,2020-12-01,42,EQTY ,3159,1000,3.92,DELIV,0.024658,0.8058673,0.31564,38,W
2020-12-09,NYM,LO3,CL,OOF,WEEKLY CRUDE OI,2021-02-01,2020-12-01,42,EQTY ,199,1000,0.2,DELIV,0.024658,0.995,0.31564,38,W
2020-12-09,NYM,LO3,CL,OOF,WEEKLY CRUDE OI,2021-02-01,2020-12-01,42.5,EQTY ,2931,1000,3.46,DELIV,0.024658,0.8471098,0.31564,38,W
2020-12-09,NYM,LO3,CL,OOF,WEEKLY CRUDE OI,2021-02-01,2020-12-01,42.5,EQTY ,239,1000,0.24,DELIV,0.024658,0.9958333,0.31564,38,W
2020-12-09,NYM,LO3,CL,OOF,WEEKLY CRUDE OI,2021-02-01,2020-12-01,43,EQTY ,2667,1000,3.01,DELIV,0.024658,0.8860465,0.31564,38,W
2020-12-09,NYM,LO3,CL,OOF,WEEKLY CRUDE OI,2021-02-01,2020-12-01,43,EQTY ,289,1000,0.29,DELIV,0.024658,0.9965517,0.31564,38,W
2020-12-09,NYM,LO3,CL,OOF,WEEKLY CRUDE OI,2021-02-01,2020-12-01,43.5,EQTY ,2367,1000,2.57,DELIV,0.024658,0.9210117,0.31564,38,W
2020-12-09,NYM,LO3,CL,OOF,WEEKLY CRUDE OI,2021-02-01,2020-12-01,43.5,EQTY ,348,1000,0.35,DELIV,0.024658,0.9942857,0.31564,38,W
2020-12-09,NYM,LO3,CL,OOF,WEEKLY CRUDE OI,2021-02-01,2020-12-01,44,EQTY ,2035,1000,2.14,DELIV,0.024658,0.9509346,0.31564,38,W
2020-12-09,NYM,LO3,CL,OOF,WEEKLY CRUDE OI,2021-02-01,2020-12-01,44,EQTY ,418,1000,0.42,DELIV,0.024658,0.9952381,0.31564,38,W
2020-12-09,NYM,LO3,CL,OOF,WEEKLY CRUDE OI,2021-02-01,2020-12-01,44.5,EQTY ,1699,1000,1.75,DELIV,0.024658,0.9708571,0.31564,38,W
2020-12-09,NYM,LO3,CL,OOF,WEEKLY CRUDE OI,2021-02-01,2020-12-01,44.5,EQTY ,527,1000,0.53,DELIV,0.024658,0.9943396,0.31564,38,W
2020-12-09,NYM,LO3,CL,OOF,WEEKLY CRUDE OI,2021-02-01,2020-12-01,45,EQTY ,1368,1000,1.39,DELIV,0.024658,0.9841727,0.31564,38,W
2020-12-09,NYM,LO3,CL,OOF,WEEKLY CRUDE OI,2021-02-01,2020-12-01,45,EQTY ,665,1000,0.67,DELIV,0.024658,0.9925373,0.31564,38,W
2020-12-09,NYM,LO3,CL,OOF,WEEKLY CRUDE OI,2021-02-01,2020-12-01,45.5,EQTY ,1062,1000,1.07,DELIV,0.024658,0.9925234,0.31564,38,W
2020-12-09,NYM,LO3,CL,OOF,WEEKLY CRUDE OI,2021-02-01,2020-12-01,45.5,EQTY ,842,1000,0.85,DELIV,0.024658,0.9905882,0.31564,38,W
2020-12-09,NYM,LO3,CL,OOF,WEEKLY CRUDE OI,2021-02-01,2020-12-01,46,EQTY ,797,1000,0.8,DELIV,0.024658,0.99625,0.31564,38,W
2020-12-09,NYM,LO3,CL,OOF,WEEKLY CRUDE OI,2021-02-01,2020-12-01,46,EQTY ,1066,1000,1.08,DELIV,0.024658,0.987037,0.31564,38,W
2020-12-09,NYM,LO3,CL,OOF,WEEKLY CRUDE OI,2021-02-01,2020-12-01,46.5,EQTY ,579,1000,0.58,DELIV,0.024658,0.9982759,0.31564,38,W
2020-12-09,NYM,LO3,CL,OOF,WEEKLY CRUDE OI,2021-02-01,2020-12-01,46.5,EQTY ,1335,1000,1.36,DELIV,0.024658,0.9816176,0.31564,38,W
2020-12-09,NYM,LO3,CL,OOF,WEEKLY CRUDE OI,2021-02-01,2020-12-01,47,EQTY ,409,1000,0.41,DELIV,0.024658,0.997561,0.31564,38,W
2020-12-09,NYM,LO3,CL,OOF,WEEKLY CRUDE OI,2021-02-01,2020-12-01,47,EQTY ,1642,1000,1.69,DELIV,0.024658,0.9715976,0.31564,38,W
2020-12-09,NYM,LO3,CL,OOF,WEEKLY CRUDE OI,2021-02-01,2020-12-01,47.5,EQTY ,290,1000,0.29,DELIV,0.024658,1,0.31564,38,W
2020-12-09,NYM,LO3,CL,OOF,WEEKLY CRUDE OI,2021-02-01,2020-12-01,47.5,EQTY ,1980,1000,2.07,DELIV,0.024658,0.9565217,0.31564,38,W
2020-12-09,NYM,LO3,CL,OOF,WEEKLY CRUDE OI,2021-02-01,2020-12-01,48,EQTY ,210,1000,0.21,DELIV,0.024658,1,0.31564,38,W
2020-12-09,NYM,LO3,CL,OOF,WEEKLY CRUDE OI,2021-02-01,2020-12-01,48,EQTY ,2323,1000,2.49,DELIV,0.024658,0.9329317,0.31564,38,W
2020-12-09,NYM,LO3,CL,OOF,WEEKLY CRUDE OI,2021-02-01,2020-12-01,48.5,EQTY ,160,1000,0.16,DELIV,0.024658,1,0.31564,38,W
2020-12-09,NYM,LO3,CL,OOF,WEEKLY CRUDE OI,2021-02-01,2020-12-01,48.5,EQTY ,2646,1000,2.94,DELIV,0.024658,0.9,0.31564,38,W
2020-12-09,NYM,LO3,CL,OOF,WEEKLY CRUDE OI,2021-02-01,2020-12-01,49,EQTY ,120,1000,0.12,DELIV,0.024658,1,0.31564,38,W
2020-12-09,NYM,LO3,CL,OOF,WEEKLY CRUDE OI,2021-02-01,2020-12-01,49,EQTY ,2933,1000,3.4,DELIV,0.024658,0.8626471,0.31564,38,W
2020-12-09,NYM,LO3,CL,OOF,WEEKLY CRUDE OI,2021-02-01,2020-12-01,49.5,EQTY ,100,1000,0.1,DELIV,0.024658,1,0.31564,38,W
2020-12-09,NYM,LO3,CL,OOF,WEEKLY CRUDE OI,2021-02-01,2020-12-01,49.5,EQTY ,3170,1000,3.88,DELIV,0.024658,0.8170103,0.31564,38,W
2020-12-09,NYM,LO3,CL,OOF,WEEKLY CRUDE OI,2021-02-01,2020-12-01,50,EQTY ,80,1000,0.08,DELIV,0.024658,1,0.31564,38,W
2020-12-09,NYM,LO3,CL,OOF,WEEKLY CRUDE OI,2021-02-01,2020-12-01,50,EQTY ,3369,1000,4.36,DELIV,0.024658,0.7727064,0.31564,38,W
2020-12-09,NYM,LO3,CL,OOF,WEEKLY CRUDE OI,2021-02-01,2020-12-01,50.5,EQTY ,60,1000,0.06,DELIV,0.024658,1,0.31564,38,W
2020-12-09,NYM,LO3,CL,OOF,WEEKLY CRUDE OI,2021-02-01,2020-12-01,50.5,EQTY ,3539,1000,4.84,DELIV,0.024658,0.7311983,0.31564,38,W
2020-12-09,NYM,LO3,CL,OOF,WEEKLY CRUDE OI,2021-02-01,2020-12-01,51,EQTY ,50,1000,0.05,DELIV,0.024658,1,0.31564,38,W
2020-12-09,NYM,LO3,CL,OOF,WEEKLY CRUDE OI,2021-02-01,2020-12-01,51,EQTY ,3664,1000,5.33,DELIV,0.024658,0.6874296,0.31564,38,W
2020-12-09,NYM,LO3,CL,OOF,WEEKLY CRUDE OI,2021-02-01,2020-12-01,51.5,EQTY ,50,1000,0.05,DELIV,0.024658,1,0.31564,38,W
2020-12-09,NYM,LO3,CL,OOF,WEEKLY CRUDE OI,2021-02-01,2020-12-01,51.5,EQTY ,3744,1000,5.83,DELIV,0.024658,0.6421955,0.31564,38,W
2020-12-09,NYM,LO3,CL,OOF,WEEKLY CRUDE OI,2021-02-01,2020-12-01,52,EQTY ,40,1000,0.04,DELIV,0.024658,1,0.31564,38,W
2020-12-09,NYM,LO3,CL,OOF,WEEKLY CRUDE OI,2021-02-01,2020-12-01,52,EQTY ,3827,1000,6.32,DELIV,0.024658,0.605538,0.31564,38,W
2020-12-09,NYM,LO3,CL,OOF,WEEKLY CRUDE OI,2021-02-01,2020-12-01,52.5,EQTY ,40,1000,0.04,DELIV,0.024658,1,0.31564,38,W
2020-12-09,NYM,LO3,CL,OOF,WEEKLY CRUDE OI,2021-02-01,2020-12-01,52.5,EQTY ,3874,1000,6.82,DELIV,0.024658,0.5680352,0.31564,38,W
2020-12-09,NYM,LO3,CL,OOF,WEEKLY CRUDE OI,2021-02-01,2020-12-01,53,EQTY ,30,1000,0.03,DELIV,0.024658,1,0.31564,38,W
2020-12-09,NYM,LO3,CL,OOF,WEEKLY CRUDE OI,2021-02-01,2020-12-01,53,EQTY ,3933,1000,7.31,DELIV,0.024658,0.5380301,0.31564,38,W
2020-12-09,NYM,LO3,CL,OOF,WEEKLY CRUDE OI,2021-02-01,2020-12-01,53.5,EQTY ,30,1000,0.03,DELIV,0.024658,1,0.31564,38,W
2020-12-09,NYM,LO3,CL,OOF,WEEKLY CRUDE OI,2021-02-01,2020-12-01,53.5,EQTY ,3961,1000,7.81,DELIV,0.024658,0.5071703,0.31564,38,W
2020-12-09,NYM,LO3,CL,OOF,WEEKLY CRUDE OI,2021-02-01,2020-12-01,54,EQTY ,20,1000,0.02,DELIV,0.024658,1,0.31564,38,W
2020-12-09,NYM,LO3,CL,OOF,WEEKLY CRUDE OI,2021-02-01,2020-12-01,54,EQTY ,4003,1000,8.3,DELIV,0.024658,0.4822892,0.31564,38,W
2020-12-09,NYM,LO3,CL,OOF,WEEKLY CRUDE OI,2021-02-01,2020-12-01,54.5,EQTY ,20,1000,0.02,DELIV,0.024658,1,0.31564,38,W
2020-12-09,NYM,LO3,CL,OOF,WEEKLY CRUDE OI,2021-02-01,2020-12-01,54.5,EQTY ,4019,1000,8.8,DELIV,0.024658,0.4567045,0.31564,38,W
2020-12-09,NYM,LO3,CL,OOF,WEEKLY CRUDE OI,2021-02-01,2020-12-01,55,EQTY ,20,1000,0.02,DELIV,0.024658,1,0.31564,38,W
2020-12-09,NYM,LO3,CL,OOF,WEEKLY CRUDE OI,2021-02-01,2020-12-01,55,EQTY ,4032,1000,9.3,DELIV,0.024658,0.4335484,0.31564,38,W
2020-12-09,NYM,LO3,CL,OOF,WEEKLY CRUDE OI,2021-02-01,2020-12-01,55.5,EQTY ,10,1000,0.01,DELIV,0.024658,1,0.31564,38,W
2020-12-09,NYM,LO3,CL,OOF,WEEKLY CRUDE OI,2021-02-01,2020-12-01,55.5,EQTY ,4052,1000,9.79,DELIV,0.024658,0.4138917,0.31564,38,W
2020-12-09,NYM,LO3,CL,OOF,WEEKLY CRUDE OI,2021-02-01,2020-12-01,56,EQTY ,10,1000,0.01,DELIV,0.024658,1,0.31564,38,W
2020-12-09,NYM,LO3,CL,OOF,WEEKLY CRUDE OI,2021-02-01,2020-12-01,56,EQTY ,4066,1000,10.29,DELIV,0.024658,0.3951409,0.31564,38,W
2020-12-09,NYM,LO3,CL,OOF,WEEKLY CRUDE OI,2021-02-01,2020-12-01,56.5,EQTY ,8,1000,0.01,DELIV,0.024658,0.8,0.31564,38,W
2020-12-09,NYM,LO3,CL,OOF,WEEKLY CRUDE OI,2021-02-01,2020-12-01,56.5,EQTY ,4077,1000,10.79,DELIV,0.024658,0.3778499,0.31564,38,W
2020-12-09,NYM,LO3,CL,OOF,WEEKLY CRUDE OI,2021-02-01,2020-12-01,57.5,EQTY ,4,1000,0.01,DELIV,0.024658,0.4,0.31564,38,W
2020-12-09,NYM,LO3,CL,OOF,WEEKLY CRUDE OI,2021-02-01,2020-12-01,57.5,EQTY ,4089,1000,11.79,DELIV,0.024658,0.3468193,0.31564,38,W
2020-12-09,NYM,LO3,CL,OOF,WEEKLY CRUDE OI,2021-02-01,2020-12-01,60,EQTY ,1,1000,0.01,DELIV,0.024658,0.1,0.31564,38,W
2020-12-09,NYM,LO3,CL,OOF,WEEKLY CRUDE OI,2021-02-01,2020-12-01,60,EQTY ,4099,1000,14.29,DELIV,0.024658,0.2868439,0.31564,38,W
2020-12-09,NYM,LO3,CL,OOF,WEEKLY CRUDE OI,2021-02-01,2020-12-01,62.5,EQTY ,0,1000,0.01,DELIV,0.024658,0,0.31564,38,W
2020-12-09,NYM,LO3,CL,OOF,WEEKLY CRUDE OI,2021-02-01,2020-12-01,62.5,EQTY ,4100,1000,16.79,DELIV,0.024658,0.244193,0.31564,38,W
2020-12-09,NYM,LO3,CL,OOF,WEEKLY CRUDE OI,2021-02-01,2020-12-01,65,EQTY ,0,1000,0.01,DELIV,0.024658,0,0.31564,38,W
2020-12-09,NYM,LO3,CL,OOF,WEEKLY CRUDE OI,2021-02-01,2020-12-01,65,EQTY ,4100,1000,19.29,DELIV,0.024658,0.2125454,0.31564,38,W
2020-12-09,NYM,LO3,CL,OOF,WEEKLY CRUDE OI,2021-02-01,2020-12-01,67.5,EQTY ,0,1000,0.01,DELIV,0.024658,0,0.31564,38,W
2020-12-09,NYM,LO3,CL,OOF,WEEKLY CRUDE OI,2021-02-01,2020-12-01,67.5,EQTY ,4100,1000,21.79,DELIV,0.024658,0.1881597,0.31564,38,W
2020-12-09,NYM,LO3,CL,OOF,WEEKLY CRUDE OI,2021-02-01,2020-12-01,70,EQTY ,0,1000,0.01,DELIV,0.024658,0,0.31564,38,W
2020-12-09,NYM,LO3,CL,OOF,WEEKLY CRUDE OI,2021-02-01,2020-12-01,70,EQTY ,4100,1000,24.29,DELIV,0.024658,0.1687937,0.31564,38,W
2020-12-09,NYM,LO3,CL,OOF,WEEKLY CRUDE OI,2021-02-01,2020-12-01,72.5,EQTY ,0,1000,0.01,DELIV,0.024658,0,0.31564,38,W
2020-12-09,NYM,LO3,CL,OOF,WEEKLY CRUDE OI,2021-02-01,2020-12-01,72.5,EQTY ,4100,1000,26.79,DELIV,0.024658,0.1530422,0.31564,38,W
2020-12-09,NYM,LO3,CL,OOF,WEEKLY CRUDE OI,2021-02-01,2020-12-01,75,EQTY ,0,1000,0.01,DELIV,0.024658,0,0.31564,38,W
2020-12-09,NYM,LO3,CL,OOF,WEEKLY CRUDE OI,2021-02-01,2020-12-01,75,EQTY ,4100,1000,29.29,DELIV,0.024658,0.1399795,0.31564,38,W
2020-12-09,NYM,LO3,CL,OOF,WEEKLY CRUDE OI,2021-02-01,2020-12-01,77.5,EQTY ,0,1000,0.01,DELIV,0.024658,0,0.31564,38,W
2020-12-09,NYM,LO3,CL,OOF,WEEKLY CRUDE OI,2021-02-01,2020-12-01,77.5,EQTY ,4100,1000,31.79,DELIV,0.024658,0.1289714,0.31564,38,W
2020-12-09,NYM,LO3,CL,OOF,WEEKLY CRUDE OI,2021-02-01,2020-12-01,80,EQTY ,0,1000,0.01,DELIV,0.024658,0,0.31564,38,W
2020-12-09,NYM,LO3,CL,OOF,WEEKLY CRUDE OI,2021-02-01,2020-12-01,80,EQTY ,4100,1000,34.29,DELIV,0.024658,0.1195684,0.31564,38,W
2020-12-09,NYM,LO4,CL,OOF,WEEKLY CRUDE OI,2021-02-01,2020-12-01,10,EQTY ,4100,1000,35.73,DELIV,0.041096,0.1147495,0.328078,38,W
2020-12-09,NYM,LO4,CL,OOF,WEEKLY CRUDE OI,2021-02-01,2020-12-01,10,EQTY ,0,1000,0.01,DELIV,0.041096,0,0.328078,38,W
2020-12-09,NYM,LO4,CL,OOF,WEEKLY CRUDE OI,2021-02-01,2020-12-01,12.5,EQTY ,4100,1000,33.23,DELIV,0.041096,0.1233825,0.328078,38,W
2020-12-09,NYM,LO4,CL,OOF,WEEKLY CRUDE OI,2021-02-01,2020-12-01,12.5,EQTY ,0,1000,0.01,DELIV,0.041096,0,0.328078,38,W
2020-12-09,NYM,LO4,CL,OOF,WEEKLY CRUDE OI,2021-02-01,2020-12-01,15,EQTY ,4100,1000,30.73,DELIV,0.041096,0.1334201,0.328078,38,W
2020-12-09,NYM,LO4,CL,OOF,WEEKLY CRUDE OI,2021-02-01,2020-12-01,15,EQTY ,0,1000,0.01,DELIV,0.041096,0,0.328078,38,W
2020-12-09,NYM,LO4,CL,OOF,WEEKLY CRUDE OI,2021-02-01,2020-12-01,17.5,EQTY ,4100,1000,28.23,DELIV,0.041096,0.1452356,0.328078,38,W
2020-12-09,NYM,LO4,CL,OOF,WEEKLY CRUDE OI,2021-02-01,2020-12-01,17.5,EQTY ,0,1000,0.01,DELIV,0.041096,0,0.328078,38,W
2020-12-09,NYM,LO4,CL,OOF,WEEKLY CRUDE OI,2021-02-01,2020-12-01,20,EQTY ,4100,1000,25.73,DELIV,0.041096,0.1593471,0.328078,38,W
2020-12-09,NYM,LO4,CL,OOF,WEEKLY CRUDE OI,2021-02-01,2020-12-01,20,EQTY ,0,1000,0.01,DELIV,0.041096,0,0.328078,38,W
2020-12-09,NYM,LO4,CL,OOF,WEEKLY CRUDE OI,2021-02-01,2020-12-01,22.5,EQTY ,4100,1000,23.23,DELIV,0.041096,0.1764959,0.328078,38,W
2020-12-09,NYM,LO4,CL,OOF,WEEKLY CRUDE OI,2021-02-01,2020-12-01,22.5,EQTY ,0,1000,0.01,DELIV,0.041096,0,0.328078,38,W
2020-12-09,NYM,LO4,CL,OOF,WEEKLY CRUDE OI,2021-02-01,2020-12-01,25,EQTY ,4100,1000,20.73,DELIV,0.041096,0.197781,0.328078,38,W
2020-12-09,NYM,LO4,CL,OOF,WEEKLY CRUDE OI,2021-02-01,2020-12-01,25,EQTY ,1,1000,0.01,DELIV,0.041096,0.1,0.328078,38,W
2020-12-09,NYM,LO4,CL,OOF,WEEKLY CRUDE OI,2021-02-01,2020-12-01,27.5,EQTY ,4102,1000,18.23,DELIV,0.041096,0.2250137,0.328078,38,W
2020-12-09,NYM,LO4,CL,OOF,WEEKLY CRUDE OI,2021-02-01,2020-12-01,27.5,EQTY ,4,1000,0.01,DELIV,0.041096,0.4,0.328078,38,W
2020-12-09,NYM,LO4,CL,OOF,WEEKLY CRUDE OI,2021-02-01,2020-12-01,30,EQTY ,4104,1000,15.74,DELIV,0.041096,0.260737,0.328078,38,W
2020-12-09,NYM,LO4,CL,OOF,WEEKLY CRUDE OI,2021-02-01,2020-12-01,30,EQTY ,20,1000,0.02,DELIV,0.041096,1,0.328078,38,W
2020-12-09,NYM,LO4,CL,OOF,WEEKLY CRUDE OI,2021-02-01,2020-12-01,32.5,EQTY ,4095,1000,13.26,DELIV,0.041096,0.3088235,0.328078,38,W
2020-12-09,NYM,LO4,CL,OOF,WEEKLY CRUDE OI,2021-02-01,2020-12-01,32.5,EQTY ,39,1000,0.04,DELIV,0.041096,0.975,0.328078,38,W
2020-12-09,NYM,LO4,CL,OOF,WEEKLY CRUDE OI,2021-02-01,2020-12-01,34.5,EQTY ,4068,1000,11.28,DELIV,0.041096,0.3606383,0.328078,38,W
2020-12-09,NYM,LO4,CL,OOF,WEEKLY CRUDE OI,2021-02-01,2020-12-01,34.5,EQTY ,59,1000,0.06,DELIV,0.041096,0.9833333,0.328078,38,W
2020-12-09,NYM,LO4,CL,OOF,WEEKLY CRUDE OI,2021-02-01,2020-12-01,35,EQTY ,4059,1000,10.78,DELIV,0.041096,0.3765306,0.328078,38,W
2020-12-09,NYM,LO4,CL,OOF,WEEKLY CRUDE OI,2021-02-01,2020-12-01,35,EQTY ,59,1000,0.06,DELIV,0.041096,0.9833333,0.328078,38,W
2020-12-09,NYM,LO4,CL,OOF,WEEKLY CRUDE OI,2021-02-01,2020-12-01,35.5,EQTY ,4045,1000,10.29,DELIV,0.041096,0.3931001,0.328078,38,W
2020-12-09,NYM,LO4,CL,OOF,WEEKLY CRUDE OI,2021-02-01,2020-12-01,35.5,EQTY ,69,1000,0.07,DELIV,0.041096,0.9857143,0.328078,38,W
2020-12-09,NYM,LO4,CL,OOF,WEEKLY CRUDE OI,2021-02-01,2020-12-01,36,EQTY ,4031,1000,9.79,DELIV,0.041096,0.4117467,0.328078,38,W
2020-12-09,NYM,LO4,CL,OOF,WEEKLY CRUDE OI,2021-02-01,2020-12-01,36,EQTY ,69,1000,0.07,DELIV,0.041096,0.9857143,0.328078,38,W
2020-12-09,NYM,LO4,CL,OOF,WEEKLY CRUDE OI,2021-02-01,2020-12-01,36.5,EQTY ,4010,1000,9.3,DELIV,0.041096,0.4311828,0.328078,38,W
2020-12-09,NYM,LO4,CL,OOF,WEEKLY CRUDE OI,2021-02-01,2020-12-01,36.5,EQTY ,79,1000,0.08,DELIV,0.041096,0.9875,0.328078,38,W
2020-12-09,NYM,LO4,CL,OOF,WEEKLY CRUDE OI,2021-02-01,2020-12-01,37,EQTY ,3985,1000,8.81,DELIV,0.041096,0.4523269,0.328078,38,W
2020-12-09,NYM,LO4,CL,OOF,WEEKLY CRUDE OI,2021-02-01,2020-12-01,37,EQTY ,89,1000,0.09,DELIV,0.041096,0.9888889,0.328078,38,W
2020-12-09,NYM,LO4,CL,OOF,WEEKLY CRUDE OI,2021-02-01,2020-12-01,37.5,EQTY ,3954,1000,8.32,DELIV,0.041096,0.4752404,0.328078,38,W
2020-12-09,NYM,LO4,CL,OOF,WEEKLY CRUDE OI,2021-02-01,2020-12-01,37.5,EQTY ,99,1000,0.1,DELIV,0.041096,0.99,0.328078,38,W
2020-12-09,NYM,LO4,CL,OOF,WEEKLY CRUDE OI,2021-02-01,2020-12-01,38,EQTY ,3917,1000,7.83,DELIV,0.041096,0.5002554,0.328078,38,W
2020-12-09,NYM,LO4,CL,OOF,WEEKLY CRUDE OI,2021-02-01,2020-12-01,38,EQTY ,109,1000,0.11,DELIV,0.041096,0.9909091,0.328078,38,W
2020-12-09,NYM,LO4,CL,OOF,WEEKLY CRUDE OI,2021-02-01,2020-12-01,38.5,EQTY ,3866,1000,7.34,DELIV,0.041096,0.526703,0.328078,38,W
2020-12-09,NYM,LO4,CL,OOF,WEEKLY CRUDE OI,2021-02-01,2020-12-01,38.5,EQTY ,128,1000,0.13,DELIV,0.041096,0.9846154,0.328078,38,W
2020-12-09,NYM,LO4,CL,OOF,WEEKLY CRUDE OI,2021-02-01,2020-12-01,39,EQTY ,3812,1000,6.86,DELIV,0.041096,0.5556851,0.328078,38,W
2020-12-09,NYM,LO4,CL,OOF,WEEKLY CRUDE OI,2021-02-01,2020-12-01,39,EQTY ,138,1000,0.14,DELIV,0.041096,0.9857143,0.328078,38,W
2020-12-09,NYM,LO4,CL,OOF,WEEKLY CRUDE OI,2021-02-01,2020-12-01,39.5,EQTY ,3741,1000,6.38,DELIV,0.041096,0.5863636,0.328078,38,W
2020-12-09,NYM,LO4,CL,OOF,WEEKLY CRUDE OI,2021-02-01,2020-12-01,39.5,EQTY ,158,1000,0.16,DELIV,0.041096,0.9875,0.328078,38,W
2020-12-09,NYM,LO4,CL,OOF,WEEKLY CRUDE OI,2021-02-01,2020-12-01,40,EQTY ,3650,1000,5.91,DELIV,0.041096,0.6175973,0.328078,38,W
2020-12-09,NYM,LO4,CL,OOF,WEEKLY CRUDE OI,2021-02-01,2020-12-01,40,EQTY ,187,1000,0.19,DELIV,0.041096,0.9842105,0.328078,38,W
2020-12-09,NYM,LO4,CL,OOF,WEEKLY CRUDE OI,2021-02-01,2020-12-01,40.5,EQTY ,3549,1000,5.43,DELIV,0.041096,0.6535912,0.328078,38,W
2020-12-09,NYM,LO4,CL,OOF,WEEKLY CRUDE OI,2021-02-01,2020-12-01,40.5,EQTY ,207,1000,0.21,DELIV,0.041096,0.9857143,0.328078,38,W
2020-12-09,NYM,LO4,CL,OOF,WEEKLY CRUDE OI,2021-02-01,2020-12-01,41,EQTY ,3420,1000,4.97,DELIV,0.041096,0.6881288,0.328078,38,W
2020-12-09,NYM,LO4,CL,OOF,WEEKLY CRUDE OI,2021-02-01,2020-12-01,41,EQTY ,246,1000,0.25,DELIV,0.041096,0.984,0.328078,38,W
2020-12-09,NYM,LO4,CL,OOF,WEEKLY CRUDE OI,2021-02-01,2020-12-01,41.5,EQTY ,3271,1000,4.51,DELIV,0.041096,0.7252772,0.328078,38,W
2020-12-09,NYM,LO4,CL,OOF,WEEKLY CRUDE OI,2021-02-01,2020-12-01,41.5,EQTY ,285,1000,0.29,DELIV,0.041096,0.9827586,0.328078,38,W
2020-12-09,NYM,LO4,CL,OOF,WEEKLY CRUDE OI,2021-02-01,2020-12-01,42,EQTY ,3098,1000,4.05,DELIV,0.041096,0.7649383,0.328078,38,W
2020-12-09,NYM,LO4,CL,OOF,WEEKLY CRUDE OI,2021-02-01,2020-12-01,42,EQTY ,324,1000,0.33,DELIV,0.041096,0.9818182,0.328078,38,W
2020-12-09,NYM,LO4,CL,OOF,WEEKLY CRUDE OI,2021-02-01,2020-12-01,42.5,EQTY ,2895,1000,3.61,DELIV,0.041096,0.8019391,0.328078,38,W
2020-12-09,NYM,LO4,CL,OOF,WEEKLY CRUDE OI,2021-02-01,2020-12-01,42.5,EQTY ,383,1000,0.39,DELIV,0.041096,0.9820513,0.328078,38,W
2020-12-09,NYM,LO4,CL,OOF,WEEKLY CRUDE OI,2021-02-01,2020-12-01,43,EQTY ,2666,1000,3.18,DELIV,0.041096,0.8383648,0.328078,38,W
2020-12-09,NYM,LO4,CL,OOF,WEEKLY CRUDE OI,2021-02-01,2020-12-01,43,EQTY ,450,1000,0.46,DELIV,0.041096,0.9782609,0.328078,38,W
2020-12-09,NYM,LO4,CL,OOF,WEEKLY CRUDE OI,2021-02-01,2020-12-01,43.5,EQTY ,2414,1000,2.77,DELIV,0.041096,0.8714801,0.328078,38,W
2020-12-09,NYM,LO4,CL,OOF,WEEKLY CRUDE OI,2021-02-01,2020-12-01,43.5,EQTY ,537,1000,0.55,DELIV,0.041096,0.9763636,0.328078,38,W
2020-12-09,NYM,LO4,CL,OOF,WEEKLY CRUDE OI,2021-02-01,2020-12-01,44,EQTY ,2146,1000,2.38,DELIV,0.041096,0.9016807,0.328078,38,W
2020-12-09,NYM,LO4,CL,OOF,WEEKLY CRUDE OI,2021-02-01,2020-12-01,44,EQTY ,642,1000,0.66,DELIV,0.041096,0.9727273,0.328078,38,W
2020-12-09,NYM,LO4,CL,OOF,WEEKLY CRUDE OI,2021-02-01,2020-12-01,44.5,EQTY ,1859,1000,2,DELIV,0.041096,0.9295,0.328078,38,W
2020-12-09,NYM,LO4,CL,OOF,WEEKLY CRUDE OI,2021-02-01,2020-12-01,44.5,EQTY ,757,1000,0.78,DELIV,0.041096,0.9705128,0.328078,38,W
2020-12-09,NYM,LO4,CL,OOF,WEEKLY CRUDE OI,2021-02-01,2020-12-01,45,EQTY ,1578,1000,1.66,DELIV,0.041096,0.9506024,0.328078,38,W
2020-12-09,NYM,LO4,CL,OOF,WEEKLY CRUDE OI,2021-02-01,2020-12-01,45,EQTY ,908,1000,0.94,DELIV,0.041096,0.9659574,0.328078,38,W
2020-12-09,NYM,LO4,CL,OOF,WEEKLY CRUDE OI,2021-02-01,2020-12-01,45.5,EQTY ,1305,1000,1.35,DELIV,0.041096,0.9666667,0.328078,38,W
2020-12-09,NYM,LO4,CL,OOF,WEEKLY CRUDE OI,2021-02-01,2020-12-01,45.5,EQTY ,1084,1000,1.13,DELIV,0.041096,0.959292,0.328078,38,W
2020-12-09,NYM,LO4,CL,OOF,WEEKLY CRUDE OI,2021-02-01,2020-12-01,46,EQTY ,1048,1000,1.07,DELIV,0.041096,0.9794393,0.328078,38,W
2020-12-09,NYM,LO4,CL,OOF,WEEKLY CRUDE OI,2021-02-01,2020-12-01,46,EQTY ,1285,1000,1.35,DELIV,0.041096,0.9518519,0.328078,38,W
2020-12-09,NYM,LO4,CL,OOF,WEEKLY CRUDE OI,2021-02-01,2020-12-01,46.5,EQTY ,820,1000,0.83,DELIV,0.041096,0.9879518,0.328078,38,W
2020-12-09,NYM,LO4,CL,OOF,WEEKLY CRUDE OI,2021-02-01,2020-12-01,46.5,EQTY ,1517,1000,1.61,DELIV,0.041096,0.942236,0.328078,38,W
2020-12-09,NYM,LO4,CL,OOF,WEEKLY CRUDE OI,2021-02-01,2020-12-01,47,EQTY ,635,1000,0.64,DELIV,0.041096,0.9921875,0.328078,38,W
2020-12-09,NYM,LO4,CL,OOF,WEEKLY CRUDE OI,2021-02-01,2020-12-01,47,EQTY ,1779,1000,1.92,DELIV,0.041096,0.9265625,0.328078,38,W
2020-12-09,NYM,LO4,CL,OOF,WEEKLY CRUDE OI,2021-02-01,2020-12-01,47.5,EQTY ,487,1000,0.49,DELIV,0.041096,0.9938776,0.328078,38,W
2020-12-09,NYM,LO4,CL,OOF,WEEKLY CRUDE OI,2021-02-01,2020-12-01,47.5,EQTY ,2057,1000,2.27,DELIV,0.041096,0.9061674,0.328078,38,W
2020-12-09,NYM,LO4,CL,OOF,WEEKLY CRUDE OI,2021-02-01,2020-12-01,48,EQTY ,369,1000,0.37,DELIV,0.041096,0.9972973,0.328078,38,W
2020-12-09,NYM,LO4,CL,OOF,WEEKLY CRUDE OI,2021-02-01,2020-12-01,48,EQTY ,2338,1000,2.65,DELIV,0.041096,0.8822642,0.328078,38,W
2020-12-09,NYM,LO4,CL,OOF,WEEKLY CRUDE OI,2021-02-01,2020-12-01,48.5,EQTY ,279,1000,0.28,DELIV,0.041096,0.9964286,0.328078,38,W
2020-12-09,NYM,LO4,CL,OOF,WEEKLY CRUDE OI,2021-02-01,2020-12-01,48.5,EQTY ,2611,1000,3.06,DELIV,0.041096,0.853268,0.328078,38,W
2020-12-09,NYM,LO4,CL,OOF,WEEKLY CRUDE OI,2021-02-01,2020-12-01,49,EQTY ,210,1000,0.21,DELIV,0.041096,1,0.328078,38,W
2020-12-09,NYM,LO4,CL,OOF,WEEKLY CRUDE OI,2021-02-01,2020-12-01,49,EQTY ,2866,1000,3.49,DELIV,0.041096,0.8212034,0.328078,38,W
2020-12-09,NYM,LO4,CL,OOF,WEEKLY CRUDE OI,2021-02-01,2020-12-01,49.5,EQTY ,170,1000,0.17,DELIV,0.041096,1,0.328078,38,W
2020-12-09,NYM,LO4,CL,OOF,WEEKLY CRUDE OI,2021-02-01,2020-12-01,49.5,EQTY ,3087,1000,3.95,DELIV,0.041096,0.781519,0.328078,38,W
2020-12-09,NYM,LO4,CL,OOF,WEEKLY CRUDE OI,2021-02-01,2020-12-01,50,EQTY ,140,1000,0.14,DELIV,0.041096,1,0.328078,38,W
2020-12-09,NYM,LO4,CL,OOF,WEEKLY CRUDE OI,2021-02-01,2020-12-01,50,EQTY ,3274,1000,4.42,DELIV,0.041096,0.740724,0.328078,38,W
2020-12-09,NYM,LO4,CL,OOF,WEEKLY CRUDE OI,2021-02-01,2020-12-01,50.5,EQTY ,120,1000,0.12,DELIV,0.041096,1,0.328078,38,W
2020-12-09,NYM,LO4,CL,OOF,WEEKLY CRUDE OI,2021-02-01,2020-12-01,50.5,EQTY ,3426,1000,4.9,DELIV,0.041096,0.6991837,0.328078,38,W
2020-12-09,NYM,LO4,CL,OOF,WEEKLY CRUDE OI,2021-02-01,2020-12-01,51,EQTY ,100,1000,0.1,DELIV,0.041096,1,0.328078,38,W
2020-12-09,NYM,LO4,CL,OOF,WEEKLY CRUDE OI,2021-02-01,2020-12-01,51,EQTY ,3556,1000,5.38,DELIV,0.041096,0.6609665,0.328078,38,W
2020-12-09,NYM,LO4,CL,OOF,WEEKLY CRUDE OI,2021-02-01,2020-12-01,51.5,EQTY ,90,1000,0.09,DELIV,0.041096,1,0.328078,38,W
2020-12-09,NYM,LO4,CL,OOF,WEEKLY CRUDE OI,2021-02-01,2020-12-01,51.5,EQTY ,3653,1000,5.87,DELIV,0.041096,0.6223169,0.328078,38,W
2020-12-09,NYM,LO4,CL,OOF,WEEKLY CRUDE OI,2021-02-01,2020-12-01,52,EQTY ,80,1000,0.08,DELIV,0.041096,1,0.328078,38,W
2020-12-09,NYM,LO4,CL,OOF,WEEKLY CRUDE OI,2021-02-01,2020-12-01,52,EQTY ,3733,1000,6.36,DELIV,0.041096,0.5869497,0.328078,38,W
2020-12-09,NYM,LO4,CL,OOF,WEEKLY CRUDE OI,2021-02-01,2020-12-01,52.5,EQTY ,70,1000,0.07,DELIV,0.041096,1,0.328078,38,W
2020-12-09,NYM,LO4,CL,OOF,WEEKLY CRUDE OI,2021-02-01,2020-12-01,52.5,EQTY ,3802,1000,6.85,DELIV,0.041096,0.5550365,0.328078,38,W
2020-12-09,NYM,LO4,CL,OOF,WEEKLY CRUDE OI,2021-02-01,2020-12-01,53,EQTY ,60,1000,0.06,DELIV,0.041096,1,0.328078,38,W
2020-12-09,NYM,LO4,CL,OOF,WEEKLY CRUDE OI,2021-02-01,2020-12-01,53,EQTY ,3859,1000,7.34,DELIV,0.041096,0.5257493,0.328078,38,W
2020-12-09,NYM,LO4,CL,OOF,WEEKLY CRUDE OI,2021-02-01,2020-12-01,53.5,EQTY ,60,1000,0.06,DELIV,0.041096,1,0.328078,38,W
2020-12-09,NYM,LO4,CL,OOF,WEEKLY CRUDE OI,2021-02-01,2020-12-01,53.5,EQTY ,3893,1000,7.83,DELIV,0.041096,0.4971903,0.328078,38,W
2020-12-09,NYM,LO4,CL,OOF,WEEKLY CRUDE OI,2021-02-01,2020-12-01,54,EQTY ,50,1000,0.05,DELIV,0.041096,1,0.328078,38,W
2020-12-09,NYM,LO4,CL,OOF,WEEKLY CRUDE OI,2021-02-01,2020-12-01,54,EQTY ,3936,1000,8.33,DELIV,0.041096,0.472509,0.328078,38,W
2020-12-09,NYM,LO4,CL,OOF,WEEKLY CRUDE OI,2021-02-01,2020-12-01,54.5,EQTY ,50,1000,0.05,DELIV,0.041096,1,0.328078,38,W
2020-12-09,NYM,LO4,CL,OOF,WEEKLY CRUDE OI,2021-02-01,2020-12-01,54.5,EQTY ,3958,1000,8.83,DELIV,0.041096,0.4482446,0.328078,38,W
2020-12-09,NYM,LO4,CL,OOF,WEEKLY CRUDE OI,2021-02-01,2020-12-01,55,EQTY ,40,1000,0.04,DELIV,0.041096,1,0.328078,38,W
2020-12-09,NYM,LO4,CL,OOF,WEEKLY CRUDE OI,2021-02-01,2020-12-01,55,EQTY ,3990,1000,9.32,DELIV,0.041096,0.4281116,0.328078,38,W
2020-12-09,NYM,LO4,CL,OOF,WEEKLY CRUDE OI,2021-02-01,2020-12-01,55.5,EQTY ,40,1000,0.04,DELIV,0.041096,1,0.328078,38,W
2020-12-09,NYM,LO4,CL,OOF,WEEKLY CRUDE OI,2021-02-01,2020-12-01,55.5,EQTY ,4004,1000,9.82,DELIV,0.041096,0.4077393,0.328078,38,W
2020-12-09,NYM,LO4,CL,OOF,WEEKLY CRUDE OI,2021-02-01,2020-12-01,56,EQTY ,40,1000,0.04,DELIV,0.041096,1,0.328078,38,W
2020-12-09,NYM,LO4,CL,OOF,WEEKLY CRUDE OI,2021-02-01,2020-12-01,56,EQTY ,4017,1000,10.32,DELIV,0.041096,0.3892442,0.328078,38,W
2020-12-09,NYM,LO4,CL,OOF,WEEKLY CRUDE OI,2021-02-01,2020-12-01,56.5,EQTY ,40,1000,0.04,DELIV,0.041096,1,0.328078,38,W
2020-12-09,NYM,LO4,CL,OOF,WEEKLY CRUDE OI,2021-02-01,2020-12-01,56.5,EQTY ,4028,1000,10.81,DELIV,0.041096,0.3726179,0.328078,38,W
2020-12-09,NYM,LO4,CL,OOF,WEEKLY CRUDE OI,2021-02-01,2020-12-01,57.5,EQTY ,30,1000,0.03,DELIV,0.041096,1,0.328078,38,W
2020-12-09,NYM,LO4,CL,OOF,WEEKLY CRUDE OI,2021-02-01,2020-12-01,57.5,EQTY ,4053,1000,11.81,DELIV,0.041096,0.3431837,0.328078,38,W
2020-12-09,NYM,LO4,CL,OOF,WEEKLY CRUDE OI,2021-02-01,2020-12-01,60,EQTY ,20,1000,0.02,DELIV,0.041096,1,0.328078,38,W
2020-12-09,NYM,LO4,CL,OOF,WEEKLY CRUDE OI,2021-02-01,2020-12-01,60,EQTY ,4082,1000,14.3,DELIV,0.041096,0.2854545,0.328078,38,W
2020-12-09,NYM,LO4,CL,OOF,WEEKLY CRUDE OI,2021-02-01,2020-12-01,62.5,EQTY ,7,1000,0.01,DELIV,0.041096,0.7,0.328078,38,W
2020-12-09,NYM,LO4,CL,OOF,WEEKLY CRUDE OI,2021-02-01,2020-12-01,62.5,EQTY ,4096,1000,16.79,DELIV,0.041096,0.2439547,0.328078,38,W
2020-12-09,NYM,LO4,CL,OOF,WEEKLY CRUDE OI,2021-02-01,2020-12-01,65,EQTY ,2,1000,0.01,DELIV,0.041096,0.2,0.328078,38,W
2020-12-09,NYM,LO4,CL,OOF,WEEKLY CRUDE OI,2021-02-01,2020-12-01,65,EQTY ,4100,1000,19.29,DELIV,0.041096,0.2125454,0.328078,38,W
2020-12-09,NYM,LO4,CL,OOF,WEEKLY CRUDE OI,2021-02-01,2020-12-01,67.5,EQTY ,1,1000,0.01,DELIV,0.041096,0.1,0.328078,38,W
2020-12-09,NYM,LO4,CL,OOF,WEEKLY CRUDE OI,2021-02-01,2020-12-01,67.5,EQTY ,4100,1000,21.79,DELIV,0.041096,0.1881597,0.328078,38,W
2020-12-09,NYM,LO4,CL,OOF,WEEKLY CRUDE OI,2021-02-01,2020-12-01,70,EQTY ,0,1000,0.01,DELIV,0.041096,0,0.328078,38,W
2020-12-09,NYM,LO4,CL,OOF,WEEKLY CRUDE OI,2021-02-01,2020-12-01,70,EQTY ,4100,1000,24.29,DELIV,0.041096,0.1687937,0.328078,38,W
2020-12-09,NYM,LO4,CL,OOF,WEEKLY CRUDE OI,2021-02-01,2020-12-01,72.5,EQTY ,0,1000,0.01,DELIV,0.041096,0,0.328078,38,W
2020-12-09,NYM,LO4,CL,OOF,WEEKLY CRUDE OI,2021-02-01,2020-12-01,72.5,EQTY ,4100,1000,26.79,DELIV,0.041096,0.1530422,0.328078,38,W
2020-12-09,NYM,LO4,CL,OOF,WEEKLY CRUDE OI,2021-02-01,2020-12-01,75,EQTY ,0,1000,0.01,DELIV,0.041096,0,0.328078,38,W
2020-12-09,NYM,LO4,CL,OOF,WEEKLY CRUDE OI,2021-02-01,2020-12-01,75,EQTY ,4100,1000,29.29,DELIV,0.041096,0.1399795,0.328078,38,W
2020-12-09,NYM,LO4,CL,OOF,WEEKLY CRUDE OI,2021-02-01,2020-12-01,77.5,EQTY ,0,1000,0.01,DELIV,0.041096,0,0.328078,38,W
2020-12-09,NYM,LO4,CL,OOF,WEEKLY CRUDE OI,2021-02-01,2020-12-01,77.5,EQTY ,4100,1000,31.79,DELIV,0.041096,0.1289714,0.328078,38,W
2020-12-09,NYM,LO4,CL,OOF,WEEKLY CRUDE OI,2021-02-01,2020-12-01,80,EQTY ,0,1000,0.01,DELIV,0.041096,0,0.328078,38,W
2020-12-09,NYM,LO4,CL,OOF,WEEKLY CRUDE OI,2021-02-01,2020-12-01,80,EQTY ,4100,1000,34.29,DELIV,0.041096,0.1195684,0.328078,38,W
